CDR3.alpha.aa,Epitope.peptide,Species,MHC
CADWGQF,EAAGIGILTV,Human,HLA-A*02
CAVKDSTLTF,EAAGIGILTV,Human,HLA-A*02
CALAFNGAKLTF,VITAFTEGLK,Mouse,H-2k
CALSEGNTGKLIF,VITAFTEGLK,Mouse,H-2k
CAAEASNTNKVVF,VITAFTEGLK,Mouse,H-2k
CALSEGNTGKLIF,VITAFNGELK,Mouse,H-2k
CAAEASNTNKVVF,VITAFNGELK,Mouse,H-2k
CAVAAGNDYKLS,GLCTLVAML,Human,HLA-A*02:01
CVVNPRDSGYALN,GLCTLVAML,Human,HLA-A*02:01
CVVNGGDSSYKLI,GLCTLVAML,Human,HLA-A*02:01
CVVNGKDSSYKLI,GLCTLVAML,Human,HLA-A*02:01
CILLRDSNYQLI,GLCTLVAML,Human,HLA-A*02:01
CILDNAGNNRKLI,GLCTLVAML,Human,HLA-A*02:01
CALVNAGNNRKLI,GLCTLVAML,Human,HLA-A*02:01
CAEDRSARLM,GLCTLVAML,Human,HLA-A*02:01
CAEDNNARLM,GLCTLVAML,Human,HLA-A*02:01
CAEVSFLPGNTPLV,GLCTLVAML,Human,HLA-A*02:01
CAESTGKLI,GLCTLVAML,Human,HLA-A*02:01
CAEIESNTGKLI,GLCTLVAML,Human,HLA-A*02:01
CAVYSSASKII,GLCTLVAML,Human,HLA-A*02:01
CAVYYGQNFVF,NLVPMVATV,Human,HLA-A*02
CATDAPGGYQKVTF,NLVPMVATV,Human,HLA-A*02
CAPPSNTGFQKLVFG,NLVPMVATV,Human,HLA-A*02
CGAETGAGSKLTF,NLVPMVATV,Human,
CALSK(T)GALNLTF,NLVPMVATV,Human,
CAASAGATDKLTF,NLVPMVATV,Human,
CASTGGARNLTF,NLVPMVATV,Human,
CLLG(A)G(L)(D)AKLTF,NLVPMVATV,Human,
CAEGDSWGKLQF,RPRGEVRFL,Human,HLA-B*07:02
CASSEWTVDGYTF,RPRGEVRFL,Human,HLA-B*07:02
CAAFQGAQKLVF,RPRGEVRFL,Human,HLA-B*07:02
CALSEADSWGKLQF,RPRGEVRFL,Human,HLA-B*07:02
CLVGDKGSSASKIIF,RPRGEVRFL,Human,HLA-B*07:02
CAVNPDSWGKLQF,RPRGEVRFL,Human,HLA-B*07:02
CLVGASGAGSYQLTF,RPRGEVRFL,Human,HLA-B*07:02
CAMREAGGFKTIF,RPRGEVRFL,Human,HLA-B*07:02
CAVNIGFGNVLHCG,ELAGIGILTV,Mouse,H-2Db
CAVSAGFQKLVFGTG,ELAGIGILTV,Mouse,H-2Db
CAVNDAGKSTFG,ELAGIGILTV,Mouse,H-2Db
CAVSQGAQKLVFQGT,ELAGIGILTV,Mouse,H-2Db
CAVNDSGAGSYQLTFG,ELAGIGILTV,Mouse,H-2Db
CAEDNRLMF,GLCTLVAML,Human,HLA-A*02:01
CAEIHARLMF,GLCTLVAML,Human,HLA-A*02:01
CAEDSRLMF,GLCTLVAML,Human,HLA-A*02:01
CAEDLRLMF,GLCTLVAML,Human,HLA-A*02:01
CAADSRLMF,GLCTLVAML,Human,HLA-A*02:01
CAEDQRLMF,GLCTLVAML,Human,HLA-A*02:01
CAEDQKLMF,GLCTLVAML,Human,HLA-A*02:01
CAVPVPGTYKYIF,RYPLTFGW,Human,HLA-A*24:02
CAVSCLRNGNMLTF,RYPLTFGWCF,Human,HLA-A*24:02
CILSGGSNYKLTF,SSLENFRAYV,Mouse,H-2b
CILLGGSNYKLTF,SSLENFRAYV,Mouse,H-2b
CIPSGGSNYKLTF,SSLENFRAYV,Mouse,H-2b
CIHSGGSNYKLTF,SSLENFRAYV,Mouse,H-2b
CILSRGSNYQLIWG,SSLENFRAYV,Mouse,H-2b
CASRVSGGSKLTF,SSLENFRAYV,Mouse,H-2b
CSYGGSQGNLIFGKGT,GILGFVFTL,Human,HLA-A*02:01
CGTGGSQGNLIFGKGT,GILGFVFTL,Human,HLA-A*02:01
CAYGGSQGNLIFGKGT,GILGFVFTL,Human,HLA-A*02:01
CATGGSQGNLIFGKGT,GILGFVFTL,Human,HLA-A*02:01
CASGGSQGNLIFGKGT,GILGFVFTL,Human,HLA-A*02:01
CARAGSQGNLIFGKG,GILGFVFTL,Human,HLA-A*02:01
CAGVGSQGNLIFGKG,GILGFVFTL,Human,HLA-A*02:01
CAGSGSQGNLIFGKGT,GILGFVFTL,Human,HLA-A*02:01
CAGGGSQGNLIFGKGT,GILGFVFTL,Human,HLA-A*02:01
CAGGGSQENLIFGKGT,GILGFVFTL,Human,HLA-A*02:01
CAGGGGQGNLIFGKGT,GILGFVFTL,Human,HLA-A*02:01
CAGDGSQGNLIFGKGT,GILGFVFTL,Human,HLA-A*02:01
CAGAGSQGNLIFGKGT,GILGFVFTL,Human,HLA-A*02:01
CAAGGSQGNLIFGKGT,GILGFVFTL,Human,HLA-A*02:01
CALIYGGSQGNLIFGKG,GILGFVFTL,Human,HLA-A*02:01
CAGVGGGSQGNLIFGKG,GILGFVFTL,Human,HLA-A*02:01
CAGSYGGSQGNLIFGKGT,GILGFVFTL,Human,HLA-A*02:01
CAGGYGGSQGNHIFGKGT,GILGFVFTL,Human,HLA-A*02:01
CAGEGGGSQGNLIFGKGT,GILGFVFTL,Human,HLA-A*02:01
CAGAYGGSQGNLILGKGT,GILGFVFTL,Human,HLA-A*02:01
CAGAWGGSQGNLIFGKGT,GILGFVFTL,Human,HLA-A*02:01
CAGATGGSQGNLIFGKGT,GILGFVFTL,Human,HLA-A*02:01
CAGASGGSQGNLIFGKGT,GILGFVFTL,Human,HLA-A*02:01
CAGAHGGSQGNLIFGKGT,GILGFVFTL,Human,HLA-A*02:01
CAGAGGGSQGNLIFGKGT,GILGFVFTL,Human,HLA-A*02:01
CAGAEGGSQGNLIFGKGT,GILGFVFTL,Human,HLA-A*02:01
CAGADGGSQGNLIFGKGT,GILGFVFTL,Human,HLA-A*02:01
CAENYGGSQGNLTFGKG,GILGFVFTL,Human,HLA-A*02:01
CAANYGGSQGNLIFGKGT,GILGFVFTL,Human,HLA-A*02:01
CVGAGGGSQGNLIFGKGT,GILGFVFTL,Human,HLA-A*02:01
CARAGGGSQGNLIFGKGT,GILGFVFTL,Human,HLA-A*02:01
CAGAYGGSQGNLIFGKGT,GILGFVFTL,Human,HLA-A*02:01
CAGAGGGSRGNLIFGKGT,GILGFVFTL,Human,HLA-A*02:01
CAGAGGGSHGNLIFGKGT,GILGFVFTL,Human,HLA-A*02:01
CAGSGGYQKVTF,NFIRMVISNPAAT,Human,HLA-DRB1*04:01
CALTQGGSEKLVF,NFIRMVISNPAAT,Human,HLA-DRB1*04:01
CALQTGANNLFF,NFIRMVISNPAAT,Human,HLA-DRB1*04:01
CAHGGGYNKLIF,NFIRMVISNPAAT,Human,HLA-DRB1*04:01
CAYTLVGNEKLTF,ELAGIGILTV,Human,HLA-A2
CAVAGYGGSQGNLIF,ELAGIGILTV,Human,HLA-A2
CAVSFGNEKLTF,ELAGIGILTV,Human,HLA-A2
CAVTHYGGSQGNLIF,ELAGIGILTV,Human,HLA-A2
CAGGGGADGLTF,ELAGIGILTV,Human,HLA-A2
CAVTWGGKLIF,ELAGIGILTV,Human,HLA-A2
CAVSIGFGNVLHC,ELAGIGILTV,Human,HLA-A2
CAVNNARLMF,ELAGIGILTV,Human,HLA-A2
CAATIGFGNVLHC,ELAGIGILTV,Human,HLA-A2
CAASIGFGNVLHC,ELAGIGILTV,Human,HLA-A2
CAAGGSNYKLTF,ELAGIGILTV,Human,HLA-A2
CAGGGGADGLTF,ELAGIGILTV,Human,HLA-A2
CAVGRNAGNMLTF,ELAGIGILTV,Human,HLA-A2
CAAGGGADGLTF,ELAGIGILTV,Human,HLA-A2
CAVGGGADGLTF,ELAGIGILTV,Human,HLA-A2
CAVSIGFGNVLHC,ELAGIGILTV,Human,HLA-A2
CALGGNNRLAF,ELAGIGILTV,Human,HLA-A2
CAVNNNAGNMLTF,ELAGIGILTV,Human,HLA-A2
CALIDPGSGGGADGLTF,ELAGIGILTV,Human,HLA-A2
CAMDSSASKIIF,ELAGIGILTV,Human,HLA-A2
CAVNIPNDYKLSF,ELAGIGILTV,Human,HLA-A2
CAVRDARLMF,ELAGIGILTV,Human,HLA-A2
CVVKGPGGFKTIF,ELAGIGILTV,Human,HLA-A2
CALEGGGADGLTF,ELAGIGILTV,Human,HLA-A2
CAVIQDSNYQLIW,ELAGIGILTV,Human,HLA-A2
CAGLSGSARQLTF,ELAGIGILTV,Human,HLA-A2
CAENPSSNTGKLIF,ELAGIGILTV,Human,HLA-A2
CAVFEMEYGNKLVF,ELAGIGILTV,Human,HLA-A2
CAVNNARLMF,ELAGIGILTV,Human,HLA-A*02:01
CAVNNARLMF,ELAGIGILTV,Human,HLA-A*02:01
CAPNNARLMF,ELAGIGILTV,Human,HLA-A*02:01
CANSNTGNQF,ELAGIGILTV,Human,HLA-A*02:01
CAPPNTGNQF,ELAGIGILTV,Human,HLA-A*02:01
CAVNGGFGNVLH,ELAGIGILTV,Human,HLA-A*02:01
CAVNGFFGNVLH,ELAGIGILTV,Human,HLA-A*02:01
CAVMIGFGNVLH,ELAGIGILTV,Human,HLA-A*02:01
CAVSIGFGNVLH,ELAGIGILTV,Human,HLA-A*02:01
CAVTTDSWGKLQF,ELAGIGILTV,Human,HLA-A*02:01
CAVNTDSWGKLQF,ELAGIGILTV,Human,HLA-A*02:01
CAVRTDSWGKLQF,ELAGIGILTV,Human,HLA-A*02:01
CAIRDDKIIF,ELAGIGILTV,Human,HLA-A*02:01
CAVRDDKIIF,ELAGIGILTV,Human,HLA-A*02:01
CAMSGSNFGNEKLTF,ELAGIGILTV,Human,HLA-A*02:01
CAMSRSNFGNEKLTF,ELAGIGILTV,Human,HLA-A*02:01
CAVRGSNFGNEKLTF,ELAGIGILTV,Human,HLA-A*02:01
CAFGGGADGLTF,ELAGIGILTV,Human,HLA-A*02:01
CAAGGGADGLTF,ELAGIGILTV,Human,HLA-A*02:01
CARGGGADGLTF,ELAGIGILTV,Human,HLA-A*02:01
CALGGGADGLTF,ELAGIGILTV,Human,HLA-A*02:01
CASGGGADGLTF,ELAGIGILTV,Human,HLA-A*02:01
CAAGGGADGLTF,ELAGIGILTV,Human,HLA-A*02:01
CAGGGGADGLTF,ELAGIGILTV,Human,HLA-A*02:01
CAVGGYSTLTF,GILGFVFTL,Human,HLA-A2
CAENRVGGSYIPTF,GILGFVFTL,Human,HLA-A2
CAGAHGSGNTGKLIF,GILGFVFTL,Human,HLA-A2
CAGPLHSRRNGGSQGNLIF,GILGFVFTL,Human,HLA-A2
CALKSGGGADGLTF,GILGFVFTL,Human,HLA-A2
CAYGTNAGGTSYGKLTF,GILGFVFTL,Human,HLA-A2
CAVEQETSGSRLTF,GILGFVFTL,Human,HLA-A2
CAVDKTDRGSTLGRLYF,GILGFVFTL,Human,HLA-A2
CVVNADSWGKLQF,GILGFVFTL,Human,HLA-A2
CAYNGGTYKYIF,GILGFVFTL,Human,HLA-A2
CAATPSNTGKLIF,GILGFVFTL,Human,HLA-A2
CALGEETSGSRLTF,GILGFVFTL,Human,HLA-A2
CAGVWGSSNTGKLIF,GILGFVFTL,Human,HLA-A2
CAETNNNAGNMLTF,GILGFVFTL,Human,HLA-A2
CAVRTDSWGKLQF,GILGFVFTL,Human,HLA-A2
CAVRQKRSQKLLF,GILGFVFTL,Human,HLA-A2
CAVRSETSGSRLTF,GILGFVFTL,Human,HLA-A2
CAASSNTGKLIF,GILGFVFTL,Human,HLA-A2
CAYRSDGGSQGNLIF,GILGFVFTL,Human,HLA-A2
CATHNFNKFYF,GILGFVFTL,Human,HLA-A2
CAAISNTGKLIF,GILGFVFTL,Human,HLA-A2
CAASARNNDMRF,GILGFVFTL,Human,HLA-A2
CAYTTNAGGTSYGKLTF,GILGFVFTL,Human,HLA-A2
CAVLDSSYKLIF,GILGFVFTL,Human,HLA-A2
CATDAEGSARQLTF,GILGFVFTL,Human,HLA-A2
CAASNRDDKIIF,GILGFVFTL,Human,HLA-A2
CAENIGGGSEKLVF,GILGFVFTL,Human,HLA-A2
CATEETSGSRLTF,GILGFVFTL,Human,HLA-A2
CAASIIGEYGNKLVF,GILGFVFTL,Human,HLA-A2
CGTVLGGGSQGNLIF,GILGFVFTL,Human,HLA-A2
CATDFTNSGYALNF,GILGFVFTL,Human,HLA-A2
CGTGLYSGGGADGLTF,GILGFVFTL,Human,HLA-A2
CAVTTLSGGSYIPTF,GILGFVFTL,Human,HLA-A2
CVVAHWGSQGNLIF,GILGFVFTL,Human,HLA-A2
CAGVYGSSNTGKLIF,GILGFVFTL,Human,HLA-A2
CAMREIDSSYKLIF,GILGFVFTL,Human,HLA-A2
CAAARGSEKLVF,GILGFVFTL,Human,HLA-A2
CAAVYLRFGKLTF,GILGFVFTL,Human,HLA-A2
CLPLGANSKLTF,GILGFVFTL,Human,HLA-A2
CAVSYSGGYQKVTF,GILGFVFTL,Human,HLA-A2
CAVTNRDDKIIF,GILGFVFTL,Human,HLA-A2
CAMREGGMDSNYQLIF,GILGFVFTL,Human,HLA-A2
CLVVPDSSYKLIF,GILGFVFTL,Human,HLA-A2
CALSGGGFKTIF,GILGFVFTL,Human,HLA-A2
CGTVGSNTGKLIF,GILGFVFTL,Human,HLA-A2
CALSEAGTRGSTLGRLYF,GILGFVFTL,Human,HLA-A2
CLVGQGFGEYGNKLVF,GILGFVFTL,Human,HLA-A2
CAESPSNTGKLIF,GILGFVFTL,Human,HLA-A2
CAALAGGFKTIF,GILGFVFTL,Human,HLA-A2
CAMRDQGNDMRF,GILGFVFTL,Human,HLA-A2
CAVGMTTDSWGKLQF,GILGFVFTL,Human,HLA-A2
CAGHQSSQGAQKLVF,GILGFVFTL,Human,HLA-A2
CAENWGGGSQGNLIF,GILGFVFTL,Human,HLA-A2
CAAPPRNTGKLIF,GILGFVFTL,Human,HLA-A2
CAAPLRGNMLTF,GILGFVFTL,Human,HLA-A2
CAVQAEGAGNMLTF,GILGFVFTL,Human,HLA-A2
CAAWNAGNMLTF,GILGFVFTL,Human,HLA-A2
CAESIPGGSASKIIF,GILGFVFTL,Human,HLA-A2
CAYRRYGPF,GILGFVFTL,Human,HLA-A2
CAVNGLTGGGNKLTF,GILGFVFTL,Human,HLA-A2
CAAAGANNLFF,GILGFVFTL,Human,HLA-A2
CAGATTLNRDDKIIF,GILGFVFTL,Human,HLA-A2
CAGAFGGGSQGNLIF,GILGFVFTL,Human,HLA-A2
CAVSDSDRDDKIIF,GILGFVFTL,Human,HLA-A2
CAGAPRGGAQKLVF,GILGFVFTL,Human,HLA-A2
CAVNFHTGTASKLTF,GILGFVFTL,Human,HLA-A2
CAGAHDTGKLIF,GILGFVFTL,Human,HLA-A2
CAPPNSGYSTLTF,GILGFVFTL,Human,HLA-A2
CAVSNAGKSTF,GILGFVFTL,Human,HLA-A2
CVVSSMTF,GILGFVFTL,Human,HLA-A2
CAGAQSAGNMLTF,GILGFVFTL,Human,HLA-A2
CAAPWGPNAGNNRKLIF,GILGFVFTL,Human,HLA-A2
CMVPTLGRLYF,GILGFVFTL,Human,HLA-A2
CAFQFFGNEKLTF,GILGFVFTL,Human,HLA-A2
CAVVTTDSWGKLQF,GILGFVFTL,Human,HLA-A2
CAVSSNTGKLIF,GILGFVFTL,Human,HLA-A2
CAGQDTNFGNEKLTF,GILGFVFTL,Human,HLA-A2
CAASFLRSGAGSYQLTF,GILGFVFTL,Human,HLA-A2
CAGAQGSSNTGKLIF,GILGFVFTL,Human,HLA-A2
CARGGSSNTGKLIF,GILGFVFTL,Human,HLA-A2
CAVSSSNTGKLIF,GILGFVFTL,Human,HLA-A2
CAASKDSGGYNKLIF,GILGFVFTL,Human,HLA-A2
CAVLWNSGNTPLVF,GILGFVFTL,Human,HLA-A2
CAENIGGGSQGNLIF,GILGFVFTL,Human,HLA-A2
CAESGYGGSQGNLIF,GILGFVFTL,Human,HLA-A2
CAVTNYGQNFVF,GILGFVFTL,Human,HLA-A2
CASPGPNSGGYQKVTF,GILGFVFTL,Human,HLA-A2
CAGFSSNTGKLIF,GILGFVFTL,Human,HLA-A2
CAASINAGRDSNYQLIF,GILGFVFTL,Human,HLA-A2
CAATRRTGTASKLTF,GILGFVFTL,Human,HLA-A2
CAASVLSGGYNKLIF,GILGFVFTL,Human,HLA-A2
CAGSRGGSYIPTF,GILGFVFTL,Human,HLA-A2
CAVKNAWSGGSNYKLTF,GILGFVFTL,Human,HLA-A2
CALSEIQGAQKLVF,GILGFVFTL,Human,HLA-A2
CILGTGANSKLTF,GILGFVFTL,Human,HLA-A2
CLVGFHGSSNTGKLIF,GILGFVFTL,Human,HLA-A2
CAGGTGNTGKLIF,GILGFVFTL,Human,HLA-A2
CAGQLISGNQFYF,GILGFVFTL,Human,HLA-A2
CAGAQKGNNRLAF,GILGFVFTL,Human,HLA-A2
CAYRSAYMGTFGNEKLTF,GILGFVFTL,Human,HLA-A2
CAASDHNAGNMLTF,GILGFVFTL,Human,HLA-A2
CALILYSGGGADGLTF,GILGFVFTL,Human,HLA-A2
CAVRDGNAGNMLTF,GILGFVFTL,Human,HLA-A2
CAFGSQGNLIF,GILGFVFTL,Human,HLA-A2
CAPGGSYIPTF,GILGFVFTL,Human,HLA-A2
CAVQLQFNTGGFKTIF,GILGFVFTL,Human,HLA-A2
CAVDTGNQFYF,GILGFVFTL,Human,HLA-A2
CAVHTTDSWGKLQF,GILGFVFTL,Human,HLA-A2
CAVAPMNRDDKIIF,GILGFVFTL,Human,HLA-A2
CILRPPIIQGAQKLVF,GILGFVFTL,Human,HLA-A2
CAASFPLGGGNNRKLIF,GILGFVFTL,Human,HLA-A2
CAYRSAGGTSYGKLTF,GILGFVFTL,Human,HLA-A2
CAVSNGEDARLMF,GILGFVFTL,Human,HLA-A2
CAENKGGGSQGNLIF,GILGFVFTL,Human,HLA-A2
CLVGDRSASGGSYIPTF,GILGFVFTL,Human,HLA-A2
CAVRITNAGKSTF,GILGFVFTL,Human,HLA-A2
CAAWMDSSYKLIF,GILGFVFTL,Human,HLA-A2
CAYRSLTGNQFYF,GILGFVFTL,Human,HLA-A2
CIVRVQRGATNKLIF,GILGFVFTL,Human,HLA-A2
CLVGHSGTYKYIF,GILGFVFTL,Human,HLA-A2
CAASMDSNYQLIF,GILGFVFTL,Human,HLA-A2
CAVLSSGSAMQLTF,GILGFVFTL,Human,HLA-A2
CAVGNNNDMRF,GILGFVFTL,Human,HLA-A2
CAVSSLSGSRLTF,GILGFVFTL,Human,HLA-A2
CAGRTSGTYKYIF,GILGFVFTL,Human,HLA-A2
CAARMDSSYKLIF,GILGFVFTL,Human,HLA-A2
CAVGLTSMNRDDKIIF,GILGFVFTL,Human,HLA-A2
CAAGYGGSQGNLIF,GILGFVFTL,Human,HLA-A2
CAPDTGTASKLTF,GILGFVFTL,Human,HLA-A2
CALNPQGDSNYQLIF,GILGFVFTL,Human,HLA-A2
CALINAGNNRKLIF,GILGFVFTL,Human,HLA-A2
CAGTHGSSNTGKLIF,GILGFVFTL,Human,HLA-A2
CAGPDGSGNTGKLIF,GILGFVFTL,Human,HLA-A2
CVVPPADRGSTLGRLYF,GILGFVFTL,Human,HLA-A2
CAVSPSDNYGQNFVF,GILGFVFTL,Human,HLA-A2
CAVTPGGGADGLTF,GILGFVFTL,Human,HLA-A2
CALSDFSGGYNKLIF,GILGFVFTL,Human,HLA-A2
CAVRKFPGTASKLTF,GILGFVFTL,Human,HLA-A2
CGAAVFNNAGNMLTF,GILGFVFTL,Human,HLA-A2
CILRDVAYGNTPLVF,GILGFVFTL,Human,HLA-A2
CAVRPEEETSGSRLTF,GILGFVFTL,Human,HLA-A2
CALSEAGRRDSNYQLIF,GILGFVFTL,Human,HLA-A2
CAALSGYSTLTF,GILGFVFTL,Human,HLA-A2
CAFMTHAGGTSYGKLTF,GILGFVFTL,Human,HLA-A2
CVVTPQDGQKLLF,GILGFVFTL,Human,HLA-A2
CAASGYSTLTF,GILGFVFTL,Human,HLA-A2
CAVNKSNTGKLIF,GILGFVFTL,Human,HLA-A2
CGTALYSGGGADGLTF,GILGFVFTL,Human,HLA-A2
CLVGDSGQMEYGNKLVF,GILGFVFTL,Human,HLA-A2
CAGGNNARLMF,GILGFVFTL,Human,HLA-A2
CREGTGTASKLTF,GILGFVFTL,Human,HLA-A2
CAVEFSGGYNKLIF,GILGFVFTL,Human,HLA-A2
CAVALGNDYKLSF,GILGFVFTL,Human,HLA-A2
CAGIDTSGTYKYIF,GILGFVFTL,Human,HLA-A2
CAASARRQGGSEKLVF,GILGFVFTL,Human,HLA-A2
CAGRGESGGSNYKLTF,GILGFVFTL,Human,HLA-A2
CLVGDIRLLGSSNTGKLIF,GILGFVFTL,Human,HLA-A2
CAVRPSITQETSGSRLTF,GILGFVFTL,Human,HLA-A2
CAASEGSSNTGKLIF,GILGFVFTL,Human,HLA-A2
CAFSAYFSDGQKLLF,GILGFVFTL,Human,HLA-A2
CAVAPGNTGKLIF,GILGFVFTL,Human,HLA-A2
CAVVPSTGNQFYF,GILGFVFTL,Human,HLA-A2
CAATPLSGGYNKLIF,GILGFVFTL,Human,HLA-A2
CALSGQTGANSKLTF,GILGFVFTL,Human,HLA-A2
CAVGVTGNQFYF,GILGFVFTL,Human,HLA-A2
CALSEAQGYSTLTF,GILGFVFTL,Human,HLA-A2
CAVGTPDGQKLLF,GILGFVFTL,Human,HLA-A2
CAMNAGTASKLTF,GILGFVFTL,Human,HLA-A2
CATDASDSWGKLQF,GILGFVFTL,Human,HLA-A2
CAVRGRGSGYSTLTF,GILGFVFTL,Human,HLA-A2
CAVRGYALNF,GILGFVFTL,Human,HLA-A2
CALSEAGSSNTGKLIF,GILGFVFTL,Human,HLA-A2
CSFCALGEPVLRGETSGSRLTF,GILGFVFTL,Human,HLA-A2
CAGGMNTGFQKLVF,GILGFVFTL,Human,HLA-A2
CAGPHDAGNNRKLIF,GILGFVFTL,Human,HLA-A2
CALSEGGQKLLF,GILGFVFTL,Human,HLA-A2
CAVRSTGANSKLTF,GILGFVFTL,Human,HLA-A2
CAASMDSNYQLIF,GILGFVFTL,Human,HLA-A2
CAYRNLNAGGTSYGKLTF,GILGFVFTL,Human,HLA-A2
CARYSGGGADGLTF,GILGFVFTL,Human,HLA-A2
CAVDRGSQGNLIF,GILGFVFTL,Human,HLA-A2
CAAAQGSSNTGKLIF,GILGFVFTL,Human,HLA-A2
CAASWVVEQGGKLIF,GILGFVFTL,Human,HLA-A2
CAASAGSGSARQLTF,GILGFVFTL,Human,HLA-A2
CALGELPLMDSSYKLIF,GILGFVFTL,Human,HLA-A2
CAGLEATDSWGKLQF,GILGFVFTL,Human,HLA-A2
CAVEEVSGYSTLTF,GILGFVFTL,Human,HLA-A2
CARGSEVQGAQKLVF,GILGFVFTL,Human,HLA-A2
CILRASSDYAGGTSYGKLTF,GILGFVFTL,Human,HLA-A2
CAGAGSSNTGKLIF,GILGFVFTL,Human,HLA-A2
CASSGYSTLTF,GILGFVFTL,Human,HLA-A2
CAGGKIYNQGGKLIF,GILGFVFTL,Human,HLA-A2
CAMPREDNYGQNFVF,GILGFVFTL,Human,HLA-A2
CAFQMDSNYQLIF,GILGFVFTL,Human,HLA-A2
CAVTSGGSQGNLIF,GILGFVFTL,Human,HLA-A2
CAAKGTSYDKVIF,GILGFVFTL,Human,HLA-A2
CAVNGRSGYSTLTF,GILGFVFTL,Human,HLA-A2
CAVDPGASGGSYIPTF,GILGFVFTL,Human,HLA-A2
CAASLIQGAQKLVF,GILGFVFTL,Human,HLA-A2
CAGFTSGTYKYIF,GILGFVFTL,Human,HLA-A2
CAGDLAAGGTSYGKLTF,GILGFVFTL,Human,HLA-A2
CAGDPNNDMRF,GILGFVFTL,Human,HLA-A2
CVVSDGRGGSYIPTF,GILGFVFTL,Human,HLA-A2
CAFMLNAGGTSYGKLTF,GILGFVFTL,Human,HLA-A2
CAATGTASKLTF,GILGFVFTL,Human,HLA-A2
CLVGDWGDKIIF,GILGFVFTL,Human,HLA-A2
CAGQYGGSQGNLIF,GILGFVFTL,Human,HLA-A2
CAASIMTRSNYQLIF,GILGFVFTL,Human,HLA-A2
CAVSPGLDSNYQLIF,GILGFVFTL,Human,HLA-A2
CAVDASTLGRLYF,GILGFVFTL,Human,HLA-A2
CAVIPADSSYKLIF,GILGFVFTL,Human,HLA-A2
CAENMGGGSQGNLIF,GILGFVFTL,Human,HLA-A2
CALFHGSSNTGKLIF,GILGFVFTL,Human,HLA-A2
CATDEDDTSGSRLTF,GILGFVFTL,Human,HLA-A2
CAVGGTSGTYKYIF,GILGFVFTL,Human,HLA-A2
CASSNNNDMRF,GILGFVFTL,Human,HLA-A2
CAVTYGGSQGNLIF,GILGFVFTL,Human,HLA-A2
CALGVGTGNQFYF,GILGFVFTL,Human,HLA-A2
CALSHGTYKYIF,GILGFVFTL,Human,HLA-A2
CILRWRSSYKLIF,GILGFVFTL,Human,HLA-A2
CAFVGDNAGKSTF,GILGFVFTL,Human,HLA-A2
CALPHSGNTGKLIF,GILGFVFTL,Human,HLA-A2
CAATSEARLMF,GILGFVFTL,Human,HLA-A2
CAESPNSGGGADGLTF,GILGFVFTL,Human,HLA-A2
CAASKKAAGNKLTF,NLVPMVATV,Human,HLA-A2
CAVRPSGAGSYQLTF,NLVPMVATV,Human,HLA-A2
CATDSWGKLQF,NLVPMVATV,Human,HLA-A2
CAVGQGSTGNQFYF,NLVPMVATV,Human,HLA-A2
CASPMDSSYKLIF,NLVPMVATV,Human,HLA-A2
CAGHGSSNTGKLIF,NLVPMVATV,Human,HLA-A2
CKSKAGNNRKLIF,NLVPMVATV,Human,HLA-A2
CASSIGPEGGSYIPTF,NLVPMVATV,Human,HLA-A2
CAASEPGGGADGLTF,NLVPMVATV,Human,HLA-A2
CAPRIQRNNNARLMF,NLVPMVATV,Human,HLA-A2
CALLYNNNDMRF,NLVPMVATV,Human,HLA-A2
CAVPKNRDDKIIF,NLVPMVATV,Human,HLA-A2
CAANTGGFKTIF,NLVPMVATV,Human,HLA-A2
CAVRDETSGSRLTF,NLVPMVATV,Human,HLA-A2
CVVFDSNYQLIF,NLVPMVATV,Human,HLA-A2
CASALNNAGNMLTF,NLVPMVATV,Human,HLA-A2
CALRGTSGSRLTF,NLVPMVATV,Human,HLA-A2
CAVRDSNYQLIF,NLVPMVATV,Human,HLA-A2
CAVRVVPLSGGYNKLIF,NLVPMVATV,Human,HLA-A2
CAVRNWENAGNMLTF,NLVPMVATV,Human,HLA-A2
CAVLSLSGSARQLTF,NLVPMVATV,Human,HLA-A2
CALIVPTSGTYKYIF,NLVPMVATV,Human,HLA-A2
CAFETQGGSEKLVF,NLVPMVATV,Human,HLA-A2
CAMRYDTGGFKTIF,NLVPMVATV,Human,HLA-A2
CAVRLDDRGSTLGRLYF,NLVPMVATV,Human,HLA-A2
CVVSPDRGSTLGRLYF,NLVPMVATV,Human,HLA-A2
CATMDSNYQLIF,NLVPMVATV,Human,HLA-A2
CAVDVETSGSRLTF,NLVPMVATV,Human,HLA-A2
CAVGPLRRYSTLTF,NLVPMVATV,Human,HLA-A2
CAVRPAGDSSYKLIF,NLVPMVATV,Human,HLA-A2
CAASSYNTDKLIF,NLVPMVATV,Human,HLA-A2
CAVILHGSSNTGKLIF,NLVPMVATV,Human,HLA-A2
CAGPSKTSYDKVIF,NLVPMVATV,Human,HLA-A2
CAAESGGSYIPTF,NLVPMVATV,Human,HLA-A2
CAPSNSNSGYALNF,NLVPMVATV,Human,HLA-A2
CAMSEGDDKIIF,NLVPMVATV,Human,HLA-A2
CVVSATDSWGKLQF,NLVPMVATV,Human,HLA-A2
CAVRGNNNAGNMLTF,NLVPMVATV,Human,HLA-A2
CAASEHAGNMLTF,NLVPMVATV,Human,HLA-A2
CILRDVDNNDMRF,NLVPMVATV,Human,HLA-A2
CAPYNNDMRF,NLVPMVATV,Human,HLA-A2
CAFPLDSSYKLIF,NLVPMVATV,Human,HLA-A2
CRDSWGKLQF,NLVPMVATV,Human,HLA-A2
CLVVSDSWGKLQF,NLVPMVATV,Human,HLA-A2
CAGSGGGADGLTF,NLVPMVATV,Human,HLA-A2
CAAPAGGTSYGKLTF,NLVPMVATV,Human,HLA-A2
CAPIQTGANNLFF,NLVPMVATV,Human,HLA-A2
CAVHTPYGQNFVF,NLVPMVATV,Human,HLA-A2
CAARPVMDSNYQLIF,NLVPMVATV,Human,HLA-A2
CATVNSGYSTLTF,NLVPMVATV,Human,HLA-A2
CALGEPAGGTSYGKLTF,NLVPMVATV,Human,HLA-A2
CATAPSRGSTLGRLYF,NLVPMVATV,Human,HLA-A2
CAVRERGDGANNLFF,NLVPMVATV,Human,HLA-A2
CAVDSWGKLQF,NLVPMVATV,Human,HLA-A2
CAAMTTDSWGKFQF,NLVPMVATV,Human,HLA-A2
CGTPDQGSSNTGKLIF,NLVPMVATV,Human,HLA-A2
CAMREGVPDTPLVF,NLVPMVATV,Human,HLA-A2
CAVRWETSGSRLTF,NLVPMVATV,Human,HLA-A2
CAGHWDSNYQLIF,NLVPMVATV,Human,HLA-A2
CAVPNQAGTALIF,NLVPMVATV,Human,HLA-A2
CAFIHPGNNRLAF,NLVPMVATV,Human,HLA-A2
CAVYGGSYIPTF,NLVPMVATV,Human,HLA-A2
CAVRAATDSWGKLQF,NLVPMVATV,Human,HLA-A2
CAVMGMDSSYKLIF,NLVPMVATV,Human,HLA-A2
CAMSPGRDSNYQLIF,NLVPMVATV,Human,HLA-A2
CALRPGANNLFF,NLVPMVATV,Human,HLA-A2
CAPGDARLMF,NLVPMVATV,Human,HLA-A2
CAMMGGNTGKLIF,NLVPMVATV,Human,HLA-A2
CVVNGGSGGSNYKLTF,NLVPMVATV,Human,HLA-A2
CAVGPYNNARLMF,NLVPMVATV,Human,HLA-A2
CAVRRPFSDGQKLLF,NLVPMVATV,Human,HLA-A2
CAVRVNRDSNYQLIF,NLVPMVATV,Human,HLA-A2
CAAFHSGSARQLTF,NLVPMVATV,Human,HLA-A2
CAMSANFGNEKLTF,NLVPMVATV,Human,HLA-A2
CAAKGVYGGATNKLIF,NLVPMVATV,Human,HLA-A2
CAAEGAIDGQKLLF,NLVPMVATV,Human,HLA-A2
CAGQLDAGNMLTF,NLVPMVATV,Human,HLA-A2
CAILDDKIIF,NLVPMVATV,Human,HLA-A2
CAVQALSSGSARQLTF,NLVPMVATV,Human,HLA-A2
CLVVGYGQNFVF,NLVPMVATV,Human,HLA-A2
CAVQDNAGNNRKLIF,NLVPMVATV,Human,HLA-A2
CGADKSNDYKLSF,NLVPMVATV,Human,HLA-A2
CAMREWDAGNMLTF,NLVPMVATV,Human,HLA-A2
CAESWGDSSYKLIF,NLVPMVATV,Human,HLA-A2
CATDVWGDNYGQNFVF,NLVPMVATV,Human,HLA-A2
CAAYNTNAGKSTF,NLVPMVATV,Human,HLA-A2
CAVEYQAGTALIF,NLVPMVATV,Human,HLA-A2
CAGIGAASYDKVIF,NLVPMVATV,Human,HLA-A2
CVVGGLGSGNTGKLIF,NLVPMVATV,Human,HLA-A2
CAGLWDRGSTLGRLYF,NLVPMVATV,Human,HLA-A2
CALSEARSGSARQLTF,NLVPMVATV,Human,HLA-A2
CAFMKHANVDSNYQLIF,NLVPMVATV,Human,HLA-A2
CAVIPMDSSYKLIF,NLVPMVATV,Human,HLA-A2
CAVRDLGAPRDDKIIF,NLVPMVATV,Human,HLA-A2
CAGQPSRHDDKIIF,NLVPMVATV,Human,HLA-A2
CAYKAGNTGKLIF,NLVPMVATV,Human,HLA-A2
CAVTGKLIF,NLVPMVATV,Human,HLA-A2
CAVQGSDSWGKLQF,NLVPMVATV,Human,HLA-A2
CAVQVPPLFGGYQKVTF,NLVPMVATV,Human,HLA-A2
CAVNSGYALNF,NLVPMVATV,Human,HLA-A2
CAVTSPPAYDKVIF,NLVPMVATV,Human,HLA-A2
CAAKNTGANSKLTF,NLVPMVATV,Human,HLA-A2
CAVRGMDSSYKLIF,NLVPMVATV,Human,HLA-A2
CAVIPGNTGKLIF,NLVPMVATV,Human,HLA-A2
CAVLPNDYKLSF,NLVPMVATV,Human,HLA-A2
CAGHLYNFNKFYF,NLVPMVATV,Human,HLA-A2
CGTVMNYGGSQGNLIF,NLVPMVATV,Human,HLA-A2
CALGMTTDSWGKLQF,NLVPMVATV,Human,HLA-A2
CAGQLGGTSYGKLTF,NLVPMVATV,Human,HLA-A2
CAVNAPSNYQLIF,NLVPMVATV,Human,HLA-A2
CAYSRGGADGLTF,NLVPMVATV,Human,HLA-A2
CAAVEQAGTALIF,NLVPMVATV,Human,HLA-A2
CAVNALYFNRGSTLGRLYF,NLVPMVATV,Human,HLA-A2
CAIISSNTGKLIF,NLVPMVATV,Human,HLA-A2
CAGHFSDGQKLLF,NLVPMVATV,Human,HLA-A2
CAAPGADSNYQLIF,NLVPMVATV,Human,HLA-A2
CAFPTGTASKLTF,NLVPMVATV,Human,HLA-A2
CAVRISGGYQKVTF,NLVPMVATV,Human,HLA-A2
CAVRYNSNYQLIF,NLVPMVATV,Human,HLA-A2
CAVRPSNAGKSTF,NLVPMVATV,Human,HLA-A2
CAGSEAGGYNKLIF,NLVPMVATV,Human,HLA-A2
CAIGNNDMRF,NLVPMVATV,Human,HLA-A2
CAGRQSVDMRF,NLVPMVATV,Human,HLA-A2
CAFPNNNAGNMLTF,NLVPMVATV,Human,HLA-A2
CAVQAPSETSGSRLTF,NLVPMVATV,Human,HLA-A2
CAFEGAQKLVF,NLVPMVATV,Human,HLA-A2
CAVGESNQFYF,NLVPMVATV,Human,HLA-A2
CAIHEANNLFF,NLVPMVATV,Human,HLA-A2
CAFKDSNYQLIF,NLVPMVATV,Human,HLA-A2
CAGEKGGRGSTLGRLYF,NLVPMVATV,Human,HLA-A2
CLVGDINSNYQLIF,NLVPMVATV,Human,HLA-A2
CAVDSTDSWGKLQF,NLVPMVATV,Human,HLA-A2
CVEDSWGKLQF,NLVPMVATV,Human,HLA-A2
CAASSSSEYGNKLVF,NLVPMVATV,Human,HLA-A2
CAVIPMDSSYKLIF,NLVPMVATV,Human,HLA-A2
CALGEPTPSTGANSKLTF,NLVPMVATV,Human,HLA-A2
CASFSGAQKLVF,NLVPMVATV,Human,HLA-A2
CALRLAPDSNYQLIF,NLVPMVATV,Human,HLA-A2
CAVTNQAGTALIF,NLVPMVATV,Human,HLA-A2
CALSEQGGSEKLVF,NLVPMVATV,Human,HLA-A2
CAVGPNDYKLSF,NLVPMVATV,Human,HLA-A2
CAAINQAGTALIF,NLVPMVATV,Human,HLA-A2
CAEMPMDSSYKLIF,NLVPMVATV,Human,HLA-A2
CASPLDSSYKLIF,NLVPMVATV,Human,HLA-A2
CAELTGGFKTIF,NLVPMVATV,Human,HLA-A2
CALSEATTGYSTLTF,NLVPMVATV,Human,HLA-A2
CAVTRGGGSNYKLTF,NLVPMVATV,Human,HLA-A2
CAMRDEGRDDKIIF,NLVPMVATV,Human,HLA-A2
CAALDGNQFYF,NLVPMVATV,Human,HLA-A2
CAVRDLNQAGTALIF,NLVPMVATV,Human,HLA-A2
CAETLSGNTGKLIF,NLVPMVATV,Human,HLA-A2
CAGVPQTGANNLFF,NLVPMVATV,Human,HLA-A2
CILGLSGNMLTF,NLVPMVATV,Human,HLA-A2
CAVVRWETSGSRLTF,NLVPMVATV,Human,HLA-A2
CATDRDDYKLSF,NLVPMVATV,Human,HLA-A2
CAGQWELVF,NLVPMVATV,Human,HLA-A2
CAEIPNYGGSQGNLIF,NLVPMVATV,Human,HLA-A2
CAMREGRDDKIIF,NLVPMVATV,Human,HLA-A2
CIVRVPSLNDYKLSF,NLVPMVATV,Human,HLA-A2
CAETDNYGQNFVF,NLVPMVATV,Human,HLA-A2
CAFGSNYQLIF,NLVPMVATV,Human,HLA-A2
CALLVSSNTGKLIF,NLVPMVATV,Human,HLA-A2
CAVSPSNTGKLIF,NLVPMVATV,Human,HLA-A2
CAMKGSARQLTF,NLVPMVATV,Human,HLA-A2
CAENTIGNTDKLIF,NLVPMVATV,Human,HLA-A2
CSFSDGQKLLF,NLVPMVATV,Human,HLA-A2
CIAYQGAGNMLTF,NLVPMVATV,Human,HLA-A2
CVGRNTGFQKLVF,NLVPMVATV,Human,HLA-A2
CAYRSRNTGNQFYF,NLVPMVATV,Human,HLA-A2
CILSDDYKLSF,NLVPMVATV,Human,HLA-A2
CATDAAQGGSEKLVF,NLVPMVATV,Human,HLA-A2
CARGVGNTGKLIF,NLVPMVATV,Human,HLA-A2
CAVRDRQNSGYALNF,NLVPMVATV,Human,HLA-A2
CAVNNYGGATNKLIF,NLVPMVATV,Human,HLA-A2
CAGSFGGYNKLIF,NLVPMVATV,Human,HLA-A2
CAVPGDSSYKLIF,NLVPMVATV,Human,HLA-A2
CAESIVDSSYKLIF,NLVPMVATV,Human,HLA-A2
CAVSPMDSSYKLIF,NLVPMVATV,Human,HLA-A2
CAVSDRDSSYKLIF,NLVPMVATV,Human,HLA-A2
CALSAFSDGQKLLF,NLVPMVATV,Human,HLA-A2
CAVGGGADGLTF,NLVPMVATV,Human,HLA-A2
CAYRRPLLFSSGSARQLTF,NLVPMVATV,Human,HLA-A2
CALSGYYGQNFVF,NLVPMVATV,Human,HLA-A2
CAMREGLFSGGYNKLIF,NLVPMVATV,Human,HLA-A2
CAVPRSNDYKLSF,NLVPMVATV,Human,HLA-A2
CAEMAPSGNTPLVF,NLVPMVATV,Human,HLA-A2
CASASRDSWGKLQF,NLVPMVATV,Human,HLA-A2
CAVNMVTGGGNKLTF,NLVPMVATV,Human,HLA-A2
CAVRDTNARLMF,NLVPMVATV,Human,HLA-A2
CALSLGGANSKLTF,NLVPMVATV,Human,HLA-A2
CALLTDSWGKLQF,NLVPMVATV,Human,HLA-A2
CGMLGNTGKLIF,NLVPMVATV,Human,HLA-A2
CAHSGGYNKLIF,NLVPMVATV,Human,HLA-A2
CAGSNYKLTF,NLVPMVATV,Human,HLA-A2
CAVLTGTASKLTF,NLVPMVATV,Human,HLA-A2
CVVRKTTDSWGKLQF,NLVPMVATV,Human,HLA-A2
CILRDVGEYGNKLVF,NLVPMVATV,Human,HLA-A2
CASYSSASKIIF,NLVPMVATV,Human,HLA-A2
CAGVGDSSYKLIF,NLVPMVATV,Human,HLA-A2
CAVDSGNKLVF,NLVPMVATV,Human,HLA-A2
CAMSAQRDDKIIF,NLVPMVATV,Human,HLA-A2
CAAPYAGANNLFF,NLVPMVATV,Human,HLA-A2
CAVNSGYGQNFVF,NLVPMVATV,Human,HLA-A2
CLVGDSTGKLIF,NLVPMVATV,Human,HLA-A2
CAVTRSARQLTF,NLVPMVATV,Human,HLA-A2
CVVNRTGGFKTIF,NLVPMVATV,Human,HLA-A2
CAFTGGGNKLTF,NLVPMVATV,Human,HLA-A2
CAASGVGSARQLTF,NLVPMVATV,Human,HLA-A2
CILREAPTSGTYKYIF,NLVPMVATV,Human,HLA-A2
CAVAPGQNFVF,NLVPMVATV,Human,HLA-A2
CVVSADSWGKLQF,NLVPMVATV,Human,HLA-A2
CALSEALGKGSRGSTLGRLYF,NLVPMVATV,Human,HLA-A2
CALSESRNTGTASKLTF,NLVPMVATV,Human,HLA-A2
CAVPKSGGSYIPTF,NLVPMVATV,Human,HLA-A2
CAIPRHPTGGGADGLTF,NLVPMVATV,Human,HLA-A2
CAMRGLLQGAQKLVF,NLVPMVATV,Human,HLA-A2
CIVRVDPGNTGKLIF,NLVPMVATV,Human,HLA-A2
CAVQALSNSGYALNF,NLVPMVATV,Human,HLA-A2
CAVNLWGKLQF,NLVPMVATV,Human,HLA-A2
CAGWGLSWGKLQF,NLVPMVATV,Human,HLA-A2
CAVRDNEYGQNFVF,NLVPMVATV,Human,HLA-A2
CAVRTISGGSYIPTF,NLVPMVATV,Human,HLA-A2
CAFPMDSSYKLIF,NLVPMVATV,Human,HLA-A2
CAVGEGTSYGKLTF,NLVPMVATV,Human,HLA-A2
CAASGGSNYKLTF,VLFGLGFAI,Human,HLA-A*02:01
CAVGEGNDMRF,VLFGLGFAI,Human,HLA-A*02:01
CAASGGSNYKLTF,GILGFVFTL,Human,HLA-A*02:01
CAASGGSNYKLTF,GILGFVFTL,Human,HLA-A*02:01
CAASGGSNYKLTF,GILGFVFTL,Human,HLA-A*02:01
CAVRDFSDNYGQNFVF,GILGFVFTL,Human,HLA-A*02:01
CAAMNYGGSQGNLIF,GILGFVFTL,Human,HLA-A*02:01
CAVSEIKAAGNKLTF,GILGFVFTL,Human,HLA-A*02:01
CAVAAGYGGSQGNLIF,GILGFVFTL,Human,HLA-A*02:01
CSPTGLRTDTQYF,GILGFVFTL,Human,HLA-A*02:01
CSVESMDRNYEQYF,GILGFVFTL,Human,HLA-A*02:01
CALRGGYSTLTF,GILGFVFTL,Human,HLA-A*02:01
CAGPVHQAGTALIF,GILGFVFTL,Human,HLA-A*02:01
CVGGNARLMF,GILGFVFTL,Human,HLA-A*02:01
CAVRAYLSYNTDKLIF,GILGFVFTL,Human,HLA-A*02:01
CALGGYSGGGADGLTF,GILGFVFTL,Human,HLA-A*02:01
CAASDNFGNEKLTF,GILGFVFTL,Human,HLA-A*02:01
CAGPRSNFGNEKLTF,GILGFVFTL,Human,HLA-A*02:01
CAASGSSNYHLSF,GILGFVFTL,Human,HLA-A*02:01
CAASPPSGNTPLVF,GILGFVFTL,Human,HLA-A*02:01
CAGTPSNTGKLIF,GILGFVFTL,Human,HLA-A*02:01
CASSEFNEQFF,GILGFVFTL,Human,HLA-A*02:01
CAAALYTGNQFYF,GILGFVFTL,Human,HLA-A*02:01
CAFMDNAGGTSYGKLTF,GILGFVFTL,Human,HLA-A*02:01
CAVSDSQVGDARLMF,GILGFVFTL,Human,HLA-A*02:01
CAVRDGTGANNLFF,GILGFVFTL,Human,HLA-A*02:01
CAEMYSSASKIIF,GILGFVFTL,Human,HLA-A*02:01
CARTYNQGGKLIF,GILGFVFTL,Human,HLA-A*02:01
CAGNYGGSQGNLIF,GILGFVFTL,Human,HLA-A*02:01
CAVRAYNTDKLIF,GILGFVFTL,Human,HLA-A*02:01
CAVRDGGDKLIF,GILGFVFTL,Human,HLA-A*02:01
CAFISNTGNQFYF,GILGFVFTL,Human,HLA-A*02:01
CAGPSDPGDSNYQLIW,GILGFVFTL,Human,HLA-A*02:01
CAVNRHGSSNTGKLIF,GILGFVFTL,Human,HLA-A*02:01
CARDDRKLIW,RFYKTLRAEQASQ,Human,HLA-DR15
CASGNTDKLIF,RFYKTLRAEQASQ,Human,HLA-DR15
CAFCNAGNMLTF,RFYKTLRAEQASQ,Human,HLA-DR15
CAFKAAGNKLTF,RFYKTLRAEQASQ,Human,HLA-DR15
CAFKAAGNKLTF,RFYKTLRAEQASQ,Human,HLA-DR15
CAFTAAGNKLTF,RFYKTLRAEQASQ,Human,HLA-DR15
CALENAGNKLTF,RFYKTLRAEQASQ,Human,HLA-DR15
CALGNAGNMLTF,RFYKTLRAEQASQ,Human,HLA-DR15
CALGNAGNMLTF,RFYKTLRAEQASQ,Human,HLA-DR15
CSPQGGSEKLVF,RFYKTLRAEQASQ,Human,HLA-DR15
CAFIPGGSYIPTF,RFYKTLRAEQASQ,Human,HLA-DR15
CASDGGSQGNLIF,RFYKTLRAEQASQ,Human,HLA-DR15
CASYGGATNKLIF,RFYKTLRAEQASQ,Human,HLA-DR15
CAFKAAGNKLTF,RFYKTLRAEQASQ,Human,HLA-DR5
CAFKAAGNKLTF,RFYKTLRAEQASQ,Human,HLA-DR5
CAFKVAGNKLTF,RFYKTLRAEQASQ,Human,HLA-DR5
CAFRMAGNMLTF,RFYKTLRAEQASQ,Human,HLA-DR5
CAFRNAGNMLTF,RFYKTLRAEQASQ,Human,HLA-DR5
CAHKAAGNKLTF,RFYKTLRAEQASQ,Human,HLA-DR5
CAHKAAGNKLTF,RFYKTLRAEQASQ,Human,HLA-DR5
CAPINAGNMLTF,RFYKTLRAEQASQ,Human,HLA-DR5
CARKAAGNKLTF,RFYKTLRAEQASQ,Human,HLA-DR5
CASKAAGNKLTF*,RFYKTLRAEQASQ,Human,HLA-DR5
CASRTAGNKLTF,RFYKTLRAEQASQ,Human,HLA-DR5
CAPKSRQQANF,RFYKTLRAEQASQ,Human,HLA-DR11
CAFKAAGNKLTF,RFYKTLRAEQASQ,Human,HLA-DR11
CAFKAAGNKLTF,RFYKTLRAEQASQ,Human,HLA-DR11
CAFRAAGNKLTF,RFYKTLRAEQASQ,Human,HLA-DR11
CALKAAGNKLTF,RFYKTLRAEQASQ,Human,HLA-DR11
CALKQAGNKLTF,RFYKTLRAEQASQ,Human,HLA-DR11
CALRQAGNMLTF,RFYKTLRAEQASQ,Human,HLA-DR11
CAMKAAGNKLTF,RFYKTLRAEQASQ,Human,HLA-DR11
CAMKAAGNKLTF,RFYKTLRAEQASQ,Human,HLA-DR11
CANRAAGNKLTF,RFYKTLRAEQASQ,Human,HLA-DR11
CASKAAGNKLTF*,RFYKTLRAEQASQ,Human,HLA-DR11
CAYKAAGNKLTF,RFYKTLRAEQASQ,Human,HLA-DR11
CGFKAAGNKLTF,RFYKTLRAEQASQ,Human,HLA-DR11
CGWKAAGNKLTF,RFYKTLRAEQASQ,Human,HLA-DR11
CSLKAAGNKLTF,RFYKTLRAEQASQ,Human,HLA-DR11
CSLRAAGNKLTF,RFYKTLRAEQASQ,Human,HLA-DR11
CSRRAAGNKLTF*,RFYKTLRAEQASQ,Human,HLA-DR11
CSWKAAGNKLTF,RFYKTLRAEQASQ,Human,HLA-DR11
CSWRAAGNKLTF,RFYKTLRAEQASQ,Human,HLA-DR11
CSWRAAGNKLTF,RFYKTLRAEQASQ,Human,HLA-DR11
CTKKAAGNKLTF,RFYKTLRAEQASQ,Human,HLA-DR11
CTKKAAGNKLTF,RFYKTLRAEQASQ,Human,HLA-DR11
CTLKAAGNKLTF,RFYKTLRAEQASQ,Human,HLA-DR11
CTNKAAGNKLTF,RFYKTLRAEQASQ,Human,HLA-DR11
CTRKAAGNKLTF,RFYKTLRAEQASQ,Human,HLA-DR11
CAFQNAGNMLTF,RFYKTLRAEQASQ,Human,HLA-DR15
CAFRAAGNKLTF,RFYKTLRAEQASQ,Human,HLA-DR15
CATRRAGNMLTF,RFYKTLRAEQASQ,Human,HLA-DR15
CAYEGASEKLVF,RFYKTLRAEQASQ,Human,HLA-DR15
CAEYGGATNKLIF,RFYKTLRAEQASQ,Human,HLA-DR15
CAPYGGATNKLIF,RFYKTLRAEQASQ,Human,HLA-DR15
CARYGGAANKLIF,RFYKTLRAEQASQ,Human,HLA-DR15
CARYGGATNKLIF,RFYKTLRAEQASQ,Human,HLA-DR15
CARYGGATNKLIF,RFYKTLRAEQASQ,Human,HLA-DR15
CARYGGGTNKLIF,RFYKTLRAEQASQ,Human,HLA-DR15
CASESTGAQKLVF,RFYKTLRAEQASQ,Human,HLA-DR15
CASYGGATNKLIF,RFYKTLRAEQASQ,Human,HLA-DR15
CASYGGATNKLIF,RFYKTLRAEQASQ,Human,HLA-DR15
CASYGGATNKLIF,RFYKTLRAEQASQ,Human,HLA-DR15
CASYVGATNKLIF,RFYKTLRAEQASQ,Human,HLA-DR15
CAFDNRKLIW,RFYKTLRAEQASQ,Human,HLA-DR1
CAFDNRKLIW,RFYKTLRAEQASQ,Human,HLA-DR1
CAFKAAGNKLTF,RFYKTLRAEQASQ,Human,HLA-DR1
CAFRAAGNKLTF,RFYKTLRAEQASQ,Human,HLA-DR1
CASETGANNLFF,RFYKTLRAEQASQ,Human,HLA-DR1
CATRRAGNMLTF,RFYKTLRAEQASQ,Human,HLA-DR1
CAYEGASEKLVF,RFYKTLRAEQASQ,Human,HLA-DR1
CAEYGGATNKLIF,RFYKTLRAEQASQ,Human,HLA-DR1
CAFASGSARQLTF,RFYKTLRAEQASQ,Human,HLA-DR1
CASESTGAQKLVF,RFYKTLRAEQASQ,Human,HLA-DR1
CAFYPPGNNRKLIW,RFYKTLRAEQASQ,Human,HLA-DR1
CAFKAAGNKLTF,RFYKTLRAEQASQ,Human,HLA-DR11
CAFKAAGNKLTF,RFYKTLRAEQASQ,Human,HLA-DR11
CAFKAAGNKLTF,RFYKTLRAEQASQ,Human,HLA-DR11
CAFKDAGNKLTF,RFYKTLRAEQASQ,Human,HLA-DR11
CAFPNAGNMLTF,RFYKTLRAEQASQ,Human,HLA-DR11
CAFRAAGNKLTF,RFYKTLRAEQASQ,Human,HLA-DR11
CAFRNAGNMLTF,RFYKTLRAEQASQ,Human,HLA-DR11
CALKAAGNKLTF,RFYKTLRAEQASQ,Human,HLA-DR11
CALKDAGNKLTF,RFYKTLRAEQASQ,Human,HLA-DR11
CALKNAGNMLTF,RFYKTLRAEQASQ,Human,HLA-DR11
CALNNAGNMLTF,RFYKTLRAEQASQ,Human,HLA-DR11
CALRNAGNMLTF,RFYKTLRAEQASQ,Human,HLA-DR11
CAPKAAGNKLTF,RFYKTLRAEQASQ,Human,HLA-DR11
CAPKDAGNKLTF,RFYKTLRAEQASQ,Human,HLA-DR11
CASKNAGNMLTF,RFYKTLRAEQASQ,Human,HLA-DR11
CASMNAGNMLTF,RFYKTLRAEQASQ,Human,HLA-DR11
CAFKGGGGSNYKLTF,RFYKTLRAEQASQ,Human,HLA-DR11
CAFGDYKLSF,RFYKTLRAEQASQ,Human,HLA-DR5
CAFHAAGNKLTF,RFYKTLRAEQASQ,Human,HLA-DR5
CAFKAAGNKLTF*,RFYKTLRAEQASQ,Human,HLA-DR5
CAFKGGGNKLTF,RFYKTLRAEQASQ,Human,HLA-DR5
CAFNAAGNKLTF,RFYKTLRAEQASQ,Human,HLA-DR5
CAFQAAGNKLTF,RFYKTLRAEQASQ,Human,HLA-DR5
CAFRGGGNKLTF,RFYKTLRAEQASQ,Human,HLA-DR5
CAFRRAGNMLTF,RFYKTLRAEQASQ,Human,HLA-DR5
CAHKAAGNKLTF,RFYKTLRAEQASQ,Human,HLA-DR5
CAHKGAGNKLTF,RFYKTLRAEQASQ,Human,HLA-DR5
CAEYGGATNKLIF,RFYKTLRAEQASQ,Human,HLA-DR5
CANYGGATNKLIF,RFYKTLRAEQASQ,Human,HLA-DR5
CAPGGGGSEKLVF,RFYKTLRAEQASQ,Human,HLA-DR5
CAPYGGATNKLIF,RFYKTLRAEQASQ,Human,HLA-DR5
CAPYGGATNKLIF,RFYKTLRAEQASQ,Human,HLA-DR5
CAPYGGATNKLIF,RFYKTLRAEQASQ,Human,HLA-DR5
CASYGGATNKLIF,RFYKTLRAEQASQ,Human,HLA-DR5
CASYGGATNKLIF,RFYKTLRAEQASQ,Human,HLA-DR5
CGGDNNARLMF,RFYKTLRAEQASQ,Human,HLA-DR1
CGGDNNARLTF,RFYKTLRAEQASQ,Human,HLA-DR1
CASLYNTDKLIF,RFYKTLRAEQASQ,Human,HLA-DR1
CANYGGATNKLIF,RFYKTLRAEQASQ,Human,HLA-DR1
CAFDNRKLIW,RFYKTLRAEQASQ,Human,HLA-DR5
CAFDRRALTF,RFYKTLRAEQASQ,Human,HLA-DR5
CARRNADNMLTF,RFYKTLRAEQASQ,Human,HLA-DR5
CARRNAGNMLTF,RFYKTLRAEQASQ,Human,HLA-DR5
CSRRAAGNKLTF*,RFYKTLRAEQASQ,Human,HLA-DR5
CAYGANNLFF,RFYKTLRAEQASQ,Human,HLA-DR1
CAYGANNLFF,RFYKTLRAEQASQ,Human,HLA-DR1
CALGGGETSGSRLTF,RFYKTLRAEQASQ,Human,HLA-DR1
CAFKAAGNKLTF,RFYKTLRAEQASQ,Human,HLA-DR11
CAFKAAGNKLTF,RFYKTLRAEQASQ,Human,HLA-DR11
CAFKAAGNMLTF,RFYKTLRAEQASQ,Human,HLA-DR11
CAFKNAGNKLTF,RFYKTLRAEQASQ,Human,HLA-DR11
CAFQAAGNMLTF,RFYKTLRAEQASQ,Human,HLA-DR11
CAFRNAGNMLTF,RFYKTLRAEQASQ,Human,HLA-DR11
CAFRTAGNKLTF,RFYKTLRAEQASQ,Human,HLA-DR11
CALKAAGNKLTF,RFYKTLRAEQASQ,Human,HLA-DR11
CALKNAGNKLTF,RFYKTLRAEQASQ,Human,HLA-DR11
CALQNAGNMLTF,RFYKTLRAEQASQ,Human,HLA-DR11
CALQNAGNMLTF,RFYKTLRAEQASQ,Human,HLA-DR11
CALRNAGNMLTF,RFYKTLRAEQASQ,Human,HLA-DR11
CALRNAGNMLTF,RFYKTLRAEQASQ,Human,HLA-DR11
CALPHGSSNTGKLIF,RFYKTLRAEQASQ,Human,HLA-DR11
CAHNAGNNRKLIW,RFYKTLRAEQASQ,Human,HLA-DR1
CASLYSSASKIIF,RFYKTLRAEQASQ,Human,HLA-DR1
CAFNPPTNAGKSTF,RFYKTLRAEQASQ,Human,HLA-DR1
CAFRAAGNKLTF,RFYKTLRAEQASQ,Human,HLA-DR1
CALNNAGNMLTF,RFYKTLRAEQASQ,Human,HLA-DR1
CASDYGGSQGNLIF*,RFYKTLRAEQASQ,Human,HLA-DR1
CAFKAAGNKLTF*,RFYKTLRAEQASQ,Human,HLA-DR1
CAFRNAGNMLTF,RFYKTLRAEQASQ,Human,HLA-DR1
CASPAAGNKLTF,RFYKTLRAEQASQ,Human,HLA-DR1
CASPRGAGNMLTF,RFYKTLRAEQASQ,Human,HLA-DR1
CAFEAAGNKLTF,RFYKTLRAEQASQ,Human,HLA-DR5
CAPQTAGNKLTF,RFYKTLRAEQASQ,Human,HLA-DR5
CAHYGGATNKLIF,RFYKTLRAEQASQ,Human,HLA-DR5
CAPYGGATNKLIF,RFYKTLRAEQASQ,Human,HLA-DR5
CARYGGATNKLIF,RFYKTLRAEQASQ,Human,HLA-DR5
CARDDRKLIW,RFYKTLRAEQASQ,Human,HLA-DR5
CARDDRKLIW,RFYKTLRAEQASQ,Human,HLA-DR5
CAFTAAGNKLTF,RFYKTLRAEQASQ,Human,HLA-DR5
CALGNAGNMLTF,RFYKTLRAEQASQ,Human,HLA-DR5
CAFIPGGSYIPTF,RFYKTLRAEQASQ,Human,HLA-DR5
CASYGGATNKLIF,RFYKTLRAEQASQ,Human,HLA-DR5
CASYGGATNKLIF,RFYKTLRAEQASQ,Human,HLA-DR5
CALDSGGGADGLTF,RFYKTLRAEQASQ,Human,HLA-DR5
CALDSGGGADGLTF,RFYKTLRAEQASQ,Human,HLA-DR5
CAFKAAGNKLTF*,RFYKTLRAEQASQ,Human,HLA-DR5
CARRNAGNMLTF,RFYKTLRAEQASQ,Human,HLA-DR5
CASKAAGNKLTF*,RFYKTLRAEQASQ,Human,HLA-DR5
CALKAAGNKLTF,RFYKTLRAEQASQ,Human,HLA-DR5
CALKAAGNKLTF,RFYKTLRAEQASQ,Human,HLA-DR5
CALRQAGNMLTF,RFYKTLRAEQASQ,Human,HLA-DR5
CALRQAGNMLTF,RFYKTLRAEQASQ,Human,HLA-DR5
CAPGGYQKVTF,RFYKTLRAEQASQ,Human,HLA-DR5
CAWGSARQLTF,RFYKTLRAEQASQ,Human,HLA-DR5
CAFKAAGNKLTF,RFYKTLRAEQASQ,Human,HLA-DR5
CAFKAAGNKLTF,RFYKTLRAEQASQ,Human,HLA-DR5
CAFNAAGNKLTF,RFYKTLRAEQASQ,Human,HLA-DR5
CAFVAAGQNFVF,RFYKTLRAEQASQ,Human,HLA-DR5
CAEYGGATNKLIF,RFYKTLRAEQASQ,Human,HLA-DR5
CANYGGATNKLIF,RFYKTLRAEQASQ,Human,HLA-DR5
CASYGGATNKLIF,RFYKTLRAEQASQ,Human,HLA-DR5
CALMTTDSWGKLQF,RFYKTLRAEQASQ,Human,HLA-DR5
CAVAPSNDMRF,KLMNIQQQL,Human,HLA-A2
CAVGHDMRF,ILNVDVFTL,Human,HLA-A2
CAVHTGTASKLTF,HLMDGDLGL,Human,HLA-A2
CAVPFVIGFGNVLHC,YVLTWIVGA,Human,HLA-A2
CAYGVYKLTF,KLVALGINAV,Human,HLA-A2
CIVIYSNYQLIW,FIDCYLLAI,Human,HLA-A2
CAMREGVVLAGGFKTIF,LLSIIFFPA,Human,HLA-A2
CAVEVIF,LLFAAFSSA,Human,HLA-A2
CAGRMDSSYKLIF,QLLVSLWGL,Human,HLA-A2
CVVRGSQGNLIF,YLDELIRNT,Human,HLA-A2
CAMREPFSGGYNKLIF,ILNAMIAKI,Human,HLA-A2
CATASNFNKFYF,LMMPFSIVYI,Human,HLA-A2
CTTDSWGKLQF,LLIASVTWL,Human,HLA-A2
CVVSHYGGSQGNLIF,YLNELVVFV,Human,HLA-A2
CVVRWAGGFKTIF,VLNYFKPYL,Human,HLA-A2
CVVSDPYSGYSTLTF,VLNYFKPYL,Human,HLA-A2
CAYEQTSYDKVIF,VLNYFKPYL,Human,HLA-A2
CAYFGADSNYQLIW,LIIPFIHLI,Human,HLA-A2
CVVIPYGNNRLAF,LMFWASSSI,Human,HLA-A2
CAFHTGGFKTIF,LMFWASSSI,Human,HLA-A2
CAVRVVNDYKLSF,ILNVDVFTL,Human,HLA-A2
CAMRTGADSSYKLIF,TLFTIVGTV,Human,HLA-A2
CAVTGNDMRF,GLMAIAWFI,Human,HLA-A2
CAMRGPDSNYQLIW,HIAKSPFEV,Human,HLA-A2
CAYRSNDMRF,RLGPYLEFL,Human,HLA-A2
CAFGSGYALNF,KMVAVFYTT,Human,HLA-A2
CAGIGFGNVLHC,LLLNMLIAL,Human,HLA-A2
CATDAQFLRSGAGSYQLTF,FMLYLLTLM,Human,HLA-A2
CAASATGGTSYGKLTF,VVMSWAPPV,Human,HLA-A2
CASEVGGYALNF,LLAMKVPNV,Human,HLA-A2
CAASHGSSNTGKLIF,VVMSWAPPV,Human,HLA-A2
CAFSGNTPLVF,ILTGLNYEV,Human,HLA-A2
CAVGGDSSYKLIF,LMFWASSSI,Human,HLA-A2
CAAPPDSSYKLIF,YMPTTIIAA,Human,HLA-A2
CAVRPLNTGTASKLTF,FLNDLLSVL,Human,HLA-A2
CAVEGSRLTF,VLNPFIYML,Human,HLA-A2
CATLGDNDMRF,KLLAGVEIV,Human,HLA-A2
CAGIGAGSYQLTF,YVLTWIVGA,Human,HLA-A2
CAYRKENNDMRF,KMVAVFYTT,Human,HLA-A2
CAVGRRNSGGYQKVTF,FMLLTQARI,Human,HLA-A2
CATFPMKTSYDKVIF,KMVAVFYTT,Human,HLA-A2
CAVASGGYNKLIF,KLSELHAYI,Human,HLA-A2
CALSDPNDYKLSF,FVYVFITHL,Human,HLA-A2
CAASGGGAQKLVF,VLNYFKPYL,Human,HLA-A2
CAVEGSRLTF,SLLQGSPHV,Human,HLA-A2
CAVNRLVF,YVTAMDIFV,Human,HLA-A2
CGSADRGSTLGRLYF,MLLKHDVSL,Human,HLA-A2
CALSEAEGYSGYALNF,RLVPYLEFL,Human,HLA-A2
CALRFNSSYKLIF,LLAMTVPNV,Human,HLA-A2
CAMREPRGGRRALTF,ILTDIEEKV,Human,HLA-A2
CILRDPYNTDKLIF,MMPFSIVYI,Human,HLA-A2
CAGLPDQTGANNLFF,KLWASPLHV,Human,HLA-A2
CAMGDYKLSF,LLFAAFSSA,Human,HLA-A2
CAVEGSRLTF,LLSIIFFPA,Human,HLA-A2
CAVFGLSNDYKLSF,LMFWASSSI,Human,HLA-A2
CAVNAPDGQKLLF,KMVAVFYNT,Human,HLA-A2
CAASESNFGNEKLTF,LLIASVTWL,Human,HLA-A2
CALSEAGSWGNTPLVF,FLYNLLTRV,Human,HLA-A2
CALSPRSSNTGKLIF,AVGSYVYSV,Human,HLA-A2
CAVRDPYNFNKFYF,FMLYLLTLM,Human,HLA-A2
CAVTTTSGGYQKVTF,KLWASPLHV,Human,HLA-A2
QGGKLIF,ILNAMIAKI,Human,HLA-A2
CAAWNTGFQKLVF,SLLWMNLFV,Human,HLA-A2
YQLTFÂ ,LLAMTVPNV,Human,HLA-A2
CAVSLLSGGYNKLIF,SVLENFTIFL,Human,HLA-A2
CAMGSGYALNF,FMLYLLTLM,Human,HLA-A2
CAVYSGGGADGLTF,KLFEFLVYGV,Human,HLA-A2
CALNNARLMF,LLAIKVPNV,Human,HLA-A2
CAVDMRADSNYQLIW,VLFHRAFLV,Human,HLA-A2
CALSDRGAQKLVF,KLLAGVEIV,Human,HLA-A2
CAVVLTDSWGKLQF,ALYGFVPVL,Human,HLA-A2
CAVDRVTGGGNKLTF,KMVAVFYTT,Human,HLA-A2
CIVRAALYNNDMRF,VMPFSIVYIV,Human,HLA-A2
CAVINSGAGSYQLTF,YMYGSPGEL,Human,HLA-A2
CAVSADKLIF,KMVAVFYTT,Human,HLA-A2
CAPHSNYQLIW,LIFNMFYWI,Human,HLA-A2
CAAENRDDKIIF,KMVAVFYTT,Human,HLA-A2
CDPIPTRRLSF,SLAPLSPRA,Human,HLA-A2
CAEAISGGYNKLIF,KMVAVFYTT,Human,HLA-A2
CAVLLSNDYKLSF,ILNAMITKI,Human,HLA-A2
CALSDGEFYNQGGKLIF,KMVAVFYTT,Human,HLA-A2
CAMREGRDFGNEKLTF,KMVAVFYTT,Human,HLA-A2
CALSEWGSQGNLIF,FLFTFFASI,Human,HLA-A2
CAMREGGDSSYKLIF,TLFTIVGTV,Human,HLA-A2
CAVEDNFNKFYF,FLYNPLTRV,Human,HLA-A2
CAMRGGMDSSYKLIF,TLFTIVGTV,Human,HLA-A2
CAVTARSSYKLIF,FLYNPLTRV,Human,HLA-A2
CAVITGGGNKLTF,ILNAMITKI,Human,HLA-A2
CALMMTTDSWGKLQF,ILTGLNYEV,Human,HLA-A2
CARLTGANNLFF,LVLPLVMGV,Human,HLA-A2
CASSGGSYIPTF,NLFSQDISV,Human,HLA-A2
CAMREHGTAGNKLTF,ALVGAIPSI,Human,HLA-A2
CALRGYSTLTF,VLLGVKLSGV,Human,HLA-A2
CAMRELGGSNYKLTF,VVLSWAPPV,Human,HLA-A2
CALSETDTGRRALTF,VVLSWAPPV,Human,HLA-A2
CAMREFAGANSKLTF,VVLSWAPPV,Human,HLA-A2
CAVNNARLMF,VVLSWAPPV,Human,HLA-A2
CAASGQGGTSYGKLTF,VVLSWAPPV,Human,HLA-A2
CVVRGSQGNLIF,VVLSWAPPV,Human,HLA-A2
CAVRETNPKGKLIF,ILTGLNYEA,Human,HLA-A2
CAVRGLTGANNLFF,ILTGLNYEA,Human,HLA-A2
CVVTPTDSWGKLQF,ILTGLNYEV,Human,HLA-A2
CAESRPEYGNKLVF,ILTGLNYEV,Human,HLA-A2
CAPPGAQKLVF,ILTGLNYEV,Human,HLA-A2
CAMTITGNQFYF,ILTGLNYEV,Human,HLA-A2
CALIRNSGNTPLVF,AVGSHVYSV,Human,HLA-A2
CATEDYNTDKLIF,AVGSHVYSV,Human,HLA-A2
CAMRELNFNKFYF,FLTYLDVSV,Human,HLA-A2
CAYHDNNDMRF,KLMNIQQKL,Human,HLA-A2
CAASAMDSSYKLIF,KLMNIQQKL,Human,HLA-A2
CAGQSRYNRDDKIIF,ALYGFVPVL,Human,HLA-A2
CAAAAGANNLFF,ALYGFVPVL,Human,HLA-A2
CAGGSNDYKLSF,ALYGFVPVL,Human,HLA-A2
CAVNAPDTDKLIF,ALYGFVPVL,Human,HLA-A2
CAVVNSNSGYALNF,ALYGFVPVL,Human,HLA-A2
CAVLLNNAGNMLTF,NLNCCSVPV,Human,HLA-A2
CIVRDWANFGNEKLTF,NLNCCSVPV,Human,HLA-A2
CAVNEATGRRALTF,NLNCCSVPV,Human,HLA-A2
CAADTSGTYKYIF,NLNCCSVPV,Human,HLA-A2
CAATRDYKLSF,NLNCCSVPV,Human,HLA-A2
CVVNINSGNTPLVF,NLNCCSVPV,Human,HLA-A2
CAAEGNTGGFKTIF,NLNCCSVPV,Human,HLA-A2
CAAETSGSRLTF,NLNCCSVPV,Human,HLA-A2
CAVIDGAGSYQLTF,NLNCCSVPV,Human,HLA-A2
CAAERGNNARLMF,ALSPVIPHI,Human,HLA-A2
CAVNPLEGGYNKLIF,ILTGLNYEV,Human,HLA-A2
CAVDGGEYGNKLVF,FLYNLLTRV,Human,HLA-A2
CATDDTGGFKTIF,FLYNLLTRV,Human,HLA-A2
CVVSLHTGGFKTIF,KLFEFLVYGV,Human,HLA-A2
CASKRGGADGLTF,KLSHQLVLL,Human,HLA-A2
CAFAPGNNNDMRF,KLMNIQQQL,Human,HLA-A2
CAMRVSDNFNKFYF,VLLGVKLSGV,Human,HLA-A2
CAESPSNFGNEKLTF,ALYGSVPVL,Human,HLA-A2
CAENPCSNDYKLSF,ALYGSVPVL,Human,HLA-A2
CAVTSNTGKLIF,ALSPVIPLI,Human,HLA-A2
CAMALGNTGNQFYF,LLFGMTPCL,Human,HLA-A2
CAASGGGADGLTF,LLFGMTPCL,Human,HLA-A2
CEGNNNDMRF,AVGSHVYSV,Human,HLA-A2
CAVGVEYGNKLVF,KLFEFLVHGV,Human,HLA-A2
CAFSQYGNKLVF,VLENFTILLV,Human,HLA-A2
CAMRESNTGGFKTIF,KLVALGINAV,Human,HLA-A2
CALSEVGAGSYQLTF,VVLSWAPPV,Human,HLA-A2
CAVKGGGSYIPTF,FLIYLDVSV,Human,HLA-A2
CAGHNNNAGNMLTF,NLNCCSVPV,Human,HLA-A2
CAVKTSYDKVIF,NLNCCSVPV,Human,HLA-A2
CAVETSYDKVIF,NLNCCSVPV,Human,HLA-A2
CVVSDKEWGGGADGLTF,NLNCCSVPV,Human,HLA-A2
CIVRVDNARLMF,FLYNLLTRV,Human,HLA-A2
CAVNNARLMF,ALYGSVPVL,Human,HLA-A2
CAVPVLGGSQGNLIF,FLTYLDVSV,Human,HLA-A2
CAVNNARLMF,ALYGSVPVL,Human,HLA-A2
CAVSPGGFKTIF,ALYGSVPVL,Human,HLA-A2
CAVNNARLMF,ALYGSVPVL,Human,HLA-A2
CAVNNARLMF,ALYGSVPVL,Human,HLA-A2
CASSGLSSGGSYIPTF,YVLDHLIVV,Human,HLA-A2
CAVNSDGQKLLF,LLWNGPMAV,Human,HLA-A2
CARNTGNQFYF,NLVPMVATV,Human,HLA-A2
CVVSPYSRVCTQL,LLWNGPMAV,Human,HLA-A2
CAVSEDKLSF,LLWNGPMAV,Human,HLA-A2
CAVSGGSYIPTF,LLWNGPMAV,Human,HLA-A2
CACADYGGSQGNLIF,SLPITVYYA,Human,HLA-A2
CAAGDARLMF,LLWNGPMAV,Human,HLA-A2
CAYIWGDKIIF,FMYSDFHFI,Human,HLA-A2
CAVDSGDMRF,LLWNGPMAV,Human,HLA-A2
CAVNNARLMF,LLWNGPMAV,Human,HLA-A2
CAVRDYGNNRLAF,LLFGYPVYV,Human,HLA-A2
CAGIDNAGNMLTF,LLWNGPMAV,Human,HLA-A2
CAGASSNTGKLIF,MLNIPSINV,Human,HLA-A2
CAAPRETSYDKVIF,NLVPMVATV,Human,HLA-A2
CAAPRETSYDKVIF,NLVPMVATV,Human,HLA-A2
CILSNNNDMRF,NLVPMVATV,Human,HLA-A2
CILSNNNDMRF,NLVPMVATV,Human,HLA-A2
CILSNNNDMRF,NLVPMVATV,Human,HLA-A2
CILSNNNDMRF,NLVPMVATV,Human,HLA-A2
CAAPRETSYDKVIF,NLVPMVATV,Human,HLA-A2
CILSNNNDMRF,NLVPMVATV,Human,HLA-A2
CAAPRETSYDKVIF,NLVPMVATV,Human,HLA-A2
CARNTGNQFYF,NLVPMVATV,Human,HLA-A2
CAGPTKTSYDKVIF,NLVPMVATV,Human,HLA-A2
CILSNNNDMRF,NLVPMVATV,Human,HLA-A2
CAVNMFSNYGQNFVF,YMDGTMSQV,Human,HLA-A2
CALSENTGFQKLVF,MLYQHLLPL,Human,HLA-A2
CAVKDARLMF,ELAGIGILTV,Human,HLA-A2
CAVQTQGGSEKLVF,ELAGIGILTV,Human,HLA-A2
CAARGRDDKIIF,ELAGIGILTV,Human,HLA-A2
CALMDSNYQLIW,IMDQVPFSV,Human,HLA-A2
CAMSDGGFQKLVF,VVTGVLVYL,Human,HLA-A2
CAVNNNDMRF,ELAGIGILTV,Human,HLA-A2
CAVGGGYQKVTF,ELAGIGILTV,Human,HLA-A2
CAGGGSQGNLIF,SIIGRLLEV,Human,HLA-A2
CAMREGTGRRALTF,ELAGIGILTV,Human,HLA-A2
CAEKGGGGADGLTF,IMDQVPFSV,Human,HLA-A2
CAENRDGDDKIIF,ELAGIGILTV,Human,HLA-A2
CTSRVSDGQKLLF,LLFGYPVYV,Human,HLA-A2
CAVNGANDYKLSF,WLSLLVPFV,Human,HLA-A2
CAVRRDDKIIF,LLWNGPMAV,Human,HLA-A2
CAALISNFGNEKLTF,LLFGYPVYV,Human,HLA-A2
CAGGGSQGNLIF,GILGFVFTL,Human,HLA-A2
CASISLDSNYQLIW,LLFGYPVYV,Human,HLA-A2
CATDGRGSTLGRLYF,IMDQVPFSV,Human,HLA-A2
CAVNSDGQKLLF,LLWNGPMAV,Human,HLA-A2
CAGASTGGDSGNTGKLIF,GILGFVFTL,Human,HLA-A2
CAGQTGNTGKLIF,GILGFVFTL,Human,HLA-A2
CGTLRNNNARLMF,GILGFVFTL,Human,HLA-A2
CAGDKGGGSQGNLIF,GILGFVFTL,Human,HLA-A2
CAVTAGGTSYGKLTF,ELAGIGILTV,Human,HLA-A2
CAVTAGGTSYGKLTF,ELAGIGILTV,Human,HLA-A2
CAVTAGGTSYGKLTF,ELAGIGILTV,Human,HLA-A2
CAVTAGGTSYGKLTF,ELAGIGILTV,Human,HLA-A2
CAVTAGGTSYGKLTF,ELAGIGILTV,Human,HLA-A2
CAYSDYKLSF,KLNTITAVV,Human,HLA-A2
CIVRVGEYGNKLVF,KLNTITPVV,Human,HLA-A2
CILREGSNYQLIW,LLAIKVPNV,Human,HLA-A2
CAPNNAGNMLTF,VVLSWAPPV,Human,HLA-A2
CAVDYGDDKIIF,LVMPFSIVYI,Human,HLA-A2
CLVGDAKLIF,LMFWASSSI,Human,HLA-A2
CAVPYSGAGSYQLTF,FLMASISSS,Human,HLA-A2
CACNNAGGTSYGKLTF,MIISHLYLI,Human,HLA-A2
CAVSNDYKLSF,FLYNLLTRV,Human,HLA-A2
CATDAAGSTLGRLYF,ILNVDIFTL,Human,HLA-A2
CASHGSSNTGKLIF,ILNAMIAKI,Human,HLA-A2
CARPPDDYKLSF,FIDQYYSSI,Human,HLA-A2
CAFMKQSYRDDKIIF,RLVPYLEFL,Human,HLA-A2
VLFRMLTF,LLSIISFPA,Human,HLA-A2
CAGFGNVLHC,FILDAVQRV,Human,HLA-A2
CAVEGSRLTF,ILTGLNYEA,Human,HLA-A2
CAVTPNFNKFYF,KMVAVFYTT,Human,HLA-A2
CLVGDLTSFQGAQKLVF,ILNVDVFTL,Human,HLA-A2
CALSMYSGGGADGLTF,LLSIISFPA,Human,HLA-A2
CAVRDYYQLIW,ILIVMVPFL,Human,HLA-A2
CAMREPYNAGNMLTF,KLLAGVEIV,Human,HLA-A2
CAVNSGYALNF,LLFALYFSA,Human,HLA-A2
CAVSVGVKYNFNKFYF,LLAMTVPNV,Human,HLA-A2
CAVVMEYGNKLVF,LLFGMPPCL,Human,HLA-A2
CATASLRNYGQNFVF,ALSPVIPLI,Human,HLA-A2
CAVSNQGGKLIF,FMNKFIYEI,Human,HLA-A2
CALLDGNKLVF,KLVALGINAV,Human,HLA-A2
CAGGPYNTDKLIF,ITDQVPFSV,Human,HLA-A2
CALSPGYNFNKFYF,ITDQVPFSV,Human,HLA-A2
CAENNRGGVYGLTF,TNFKYNYSVIEGGPI,Human,
CAVSSNNARLMF,ILKISNKYHTKGDH,Human,
CAASEGQGGRALIF,MEVGWYRSPFSRVVHLYRNGK,Mouse,
CALSDYNCQGKLIF,MEVGWYRSPFSRVVHLYRNGK,Mouse,
CAPKGSNYNVLYF,MEVGWYRSPFSRVVHLYRNGK,Mouse,
CAFMNYNQGKLIF,MEVGWYRSPFSRVVHLYRNGK,Mouse,
CALSPDTNAYKVIF,MEVGWYRSPFSRVVHLYRNGK,Mouse,
CAASNNRIF,MEVGWYRSPFSRVVHLYRNGK,Mouse,
CAVSARNSNNRIF,MEVGWYRSPFSRVVHLYRNGK,Mouse,
CAASRNSNNRIF,MEVGWYRSPFSRVVHLYRNGK,Mouse,
CALSGSGSFNKLTF,MEVGWYRSPFSRVVHLYRNGK,Mouse,
CALSDITGSGGKLTLF,MEVGWYRSPFSRVVHLYRNGK,Mouse,
CAASRGGRALIF,MEVGWYRSPFSRVVHLYRNGK,Mouse,
CVVGANSNYQLIW,MEVGWYRSPFSRVVHLYRNGK,Mouse,
CAFTNYNQEKLIF,MEVGWYRSPFSRVVHLYRNGK,Mouse,
CALSDGSGSWQLIF,MEVGWYRSPFSRVVHLYRNGK,Mouse,
CALSDGSGSRQLIF,MEVGWYRSPFSRVVHLYRNGK,Mouse,
CALGASSGSWQLIF,MEVGWYRSPFSRVVHLYRNGK,Mouse,
CALSGSGSFNKLTF,MEVGWYRSPFSRVVHLYRNGK,Mouse,
CAIDLSFNKLTF,MEVGWYRSPFSRVVHLYRNGK,Mouse,
CALANTNTGKLTF,MEVGWYRSPFSRVVHLYRNGK,Mouse,
CAASGAGGYKVVF,MEVGWYRSPFSRVVHLYRNGK,Mouse,
CAASGGITGNTGKLIF,MEVGWYRSPFSRVVHLYRNGK,Mouse,
CAADGSGGKLTL,MEVGWYRSPFSRVVHLYRNGK,Mouse,
CAASSSFSKLVF,MEVGWYRSPFSRVVHLYRNGK,Mouse,
CAASQNNAGAKLTF,MEVGWYRSPFSRVVHLYRNGK,Mouse,
CAASGYNQGKLIF,MEVGWYRSPFSRVVHLYRNGK,Mouse,
CAMREGGDSGYNKLTF,MEVGWYRSPFSRVVHLYRNGK,Mouse,
CAMREGAGGYKVVF,MEVGWYRSPFSRVVHLYRNGK,Mouse,
CAAGLNYGSSGNKLIF,MEVGWYRSPFSRVVHLYRNGK,Mouse,
CAAGAGSGGSNAKLTF,MEVGWYRSPFSRVVHLYRNGK,Mouse,
CAVMYNQGKLIF,MEVGWYRSPFSRVVHLYRNGK,Mouse,
CAVRDSNYQLIWF,MEVGWYRSPFSRVVHLYRNGK,Mouse,
CAAGGNTGKLIF,MEVGWYRSPFSRVVHLYRNGK,Mouse,
CAAPMNYNQGKLIF,MEVGWYRSPFSRVVHLYRNGK,Mouse,
CAAESSGXWQLIF,MEVGWYRSPFSRVVHLYRNGK,Mouse,
CAAEGSNNRIFF,MEVGWYRSPFSRVVHLYRNGK,Mouse,
CAANSAGNKLTF,MEVGWYRSPFSRVVHLYRNGK,Mouse,
CAARDNSKLIWF,MEVGWYRSPFSRVVHLYRNGK,Mouse,
CAAGHYAQGLTF,MEVGWYRSPFSRVVHLYRNGK,Mouse,
CSSASSGSWQLIF,MEVGWYRSPFSRVVHLYRNGK,Mouse,
CAARPSNMGYKLTF,MEVGWYRSPFSRVVHLYRNGK,Mouse,
CVLVTTASLGKLQF,MEVGWYRSPFSRVVHLYRNGK,Mouse,
CALRRYNQRKLIF,MEVGWYRSPFSRVVHLYRNGK,Mouse,
CALSPNTGNYKHVF,MEVGWYRSPFSRVVHLYRNGK,Mouse,
CALGETEGADRLTF,MEVGWYRSPFSRVVHLYRNGK,Mouse,
CAMREGYGSSGNKLIF,MEVGWYRSPFSRVVHLYRNGK,Mouse,
CAASRGAGNTGKLIF,MEVGWYRSPFSRVVHLYRNGK,Mouse,
CAASRTNSAGNKLTF,MEVGWYRSPFSRVVHLYRNGK,Mouse,
CAASPNYNQGKLIF,MEVGWYRSPFSRVVHLYRNGK,Mouse,
CAASNYNQGKLIF,MEVGWYRSPFSRVVHLYRNGK,Mouse,
CAASGGSNNRIF,MEVGWYRSPFSRVVHLYRNGK,Mouse,
CAASGDTGNYKYVF,MEVGWYRSPFSRVVHLYRNGK,Mouse,
CAASIRTNTGKLTF,MEVGWYRSPFSRVVHLYRNGK,Mouse,
CAVSNNNRIFF,MEVGWYRSPFSRVVHLYRNGK,Mouse,
CASEGQGGRALIF,MEVGWYRSPFSRVVHLYRNGK,Mouse,
CAANSAGNKLTF,MEVGWYRSPFSRVVHLYRNGK,Mouse,
CAASIRTNTGKLTF,MEVGWYRSPFSRVVHLYRNGK,Mouse,
CALRKNYNQGKLIF,MEVGWYRSPFSRVVHLYRNGK,Mouse,
CALSPDTNAYKVIF,MEVGWYRSPFSRVVHLYRNGK,Mouse,
CALMERDPGYQNF,MEVGWYRSPFSRVVHLYRNGK,Mouse,
CALMERAPGNTGKLIF,MEVGWYRSPFSRVVHLYRNGK,Mouse,
CAASNSRIFF,MEVGWYRSPFSRVVHLYRNGK,Mouse,
CAAGAGSGGSNAKLTF,MEVGWYRSPFSRVVHLYRNGK,Mouse,
CAVSDQGGRALIF,MEVGWYRSPFSRVVHLYRNGK,Mouse,
CAVSGYNQGKLIF,MEVGWYRSPFSRVVHLYRNGK,Mouse,
CAMREGYCGSSGNKLIF,MEVGWYRSPFSRVVHLYRNGK,Mouse,
CALERSNNRIF,MEVGWYRSPFSRVVHLYRNGK,Mouse,
CAAGPSFSKLVF,MEVGWYRSPFSRVVHLYRNGK,Mouse,
CAAHEGADRLTF,MEVGWYRSPFSRVVHLYRNGK,Mouse,
CAVSAYNQGKLIF,MEVGWYRSPFSRVVHLYRNGK,Mouse,
CAVSARNSNNRIF,MEVGWYRSPFSRVVHLYRNGK,Mouse,
CAARDNSKLIWF,MEVGWYRSPFSRVVHLYRNGK,Mouse,
CAAPTGGYKVVF,MEVGWYRSPFSRVVHLYRNGK,Mouse,
CAASGGSNYKLTF,MEVGWYRSPFSRVVHLYRNGK,Mouse,
CALGPSSGSWQLIF,MEVGWYRSPFSRVVHLYRNGK,Mouse,
CAARTGYQNFYF,MEVGWYRSPFSRVVHLYRNGK,Mouse,
CAVSRGTGGYKVVF,MEVGWYRSPFSRVVHLYRNGK,Mouse,
CAVSTDRGSALGRLHF,MEVGWYRSPFSRVVHLYRNGK,Mouse,
CAAKGYNQGKLIF,MEVGWYRSPFSRVVHLYRNGK,Mouse,
CAPSYQGGRALIF,MEVGWYRSPFSRVVHLYRNGK,Mouse,
CATWNYNQGKLIF,MEVGWYRSPFSRVVHLYRNGK,Mouse,
CAVRDQNYQLIWGAG,IHSLLDEGKQSLTKL,Human,HLA-DRB1
CASSGINAEYSILHHSLG,IHSLLDEGKQSLTKL,Human,HLA-DRB1
CAMSAGNQGGKLIF,IHSLLDEGKQSLTKL,Human,HLA-DRB1
CASADSFSYEQYF,IHSLLDEGKQSLTKL,Human,HLA-DRB1
CASSGDRNSYEQYF,IHSLLDEGKQSLTKL,Human,HLA-DRB1
CASRGGGPEEDQYF,IHSLLDEGKQSLTKL,Human,HLA-DRB1
CAAQFHLLHSKF,IHSLLDEGKQSLTKL,Human,HLA-DRB1
CSVEGQRRVPSFF,IHSLLDEGKQSLTKL,Human,HLA-DRB1
CASSSSSLNTEAFF,IHSLLDEGKQSLTKL,Human,HLA-DRB1
CSVEGQGASGYTF,IHSLLDEGKQSLTKL,Human,HLA-DRB1
CSVEDGTGGQSGYTf,IHSLLDEGKQSLTKL,Human,HLA-DRB1
CASSGDRNSYEQYF,IHSLLDEGKQSLTKL,Human,HLA-DRB1
CAVNEDTGRRALT,IHSLLDEGKQSLTKL,Human,HLA-DRB1
CAMSAGNQGGKLIF,IHSLLDEGKQSLTKL,Human,HLA-DRB1
CAMSAGNQGGKLIF,IHSLLDEGKQSLTKL,Human,HLA-DRB1
CAGGGSQGNLGIF,GILGFVFTL,Human,HLA-A*02
CAGAGGGSEGNLIF,GILGFVFTL,Human,HLA-A*02
CALNYGGSLIF,GILGFVFTL,Human,HLA-A*02
CAVRMVGSNNRNNKIIF,GILGFVFTL,Human,HLA-A*02
CAGTHGGSQGSLIf,GILGFVFTL,Human,HLA-A*02
CAASGGGSQGNLIF,GILGFVFTL,Human,HLA-A*02
CAALGGSQGNLIF,GILGFVFTL,Human,HLA-A*02
CVSGGSQGNLIF,GILGFVFTL,Human,HLA-A*02
CAGAGGGSQGNLIF,GILGFVFTL,Human,HLA-A*02
CAGGGSNTGKLIF,GILGFVFTL,Human,HLA-A*02
CAGPGSNTGKLIF,GILGFVFTL,Human,HLA-A*02
