Antigen.sequence,CDR3.alpha.aa,Grade
RPRGEVRFL,CAAFQGAQKLVF,4
RPRGEVRFL,CAEGDSWGKLQF,4
RPRGEVRFL,CALSEADSWGKLQF,4
RPRGEVRFL,CAMREAGGFKTIF,4
RPRGEVRFL,CASSEWTVDGYTF,4
RPRGEVRFL,CAVNPDSWGKLQF,4
RPRGEVRFL,CLVGASGAGSYQLTF,4
RPRGEVRFL,CLVGDKGSSASKIIF,4
RYPLTFGWCF ,CAALNDYKLSF,9
RYPLTFGWCF,CAEVSTGGGNKLTF,9
RYPLTFGWCF,CALGELLRGGSNYKLTF,9
RYPLTFGWCF,CALGELSGTGGFKTIF,9
RYPLTFGWCF,CAVSCLRNNAGNMLTF,9
RYPLTFGWCF,CAVWYYGNNRLAF,9
RYPLTFGWCF,CFLGSYGGATTKLIF,9
RYPLTFGWCF,CIVYGGSQGNLIF,9
RYPLTFGWCF,CPFYNQGGKLIF,9
RYPLTFGWCF,CVVNSGAGSYQLTF,9
RYPLTFGW,CALFLDGQKLLF,9
RYPLTFGW,CAVIFTGGGNKLTF,9
RYPLTFGW,CAVPVPGTYKYIF,9
RYPLTFGW,CAVSDEVIF,9
CPSQEPMSIYVY,CAVRPSGGSYIPTF,4
CPSQEPMSIYVY,CAVSANYGGSQGNLIF,4
CPSQEPMSIYVY,CAVSAPYNTDKLIF,4
CPSQEPMSIYVY,CAVSDKNRDDKIIF,4
CPSQEPMSIYVY,CAVSDKNRDDKIIF,4
IPSINVHHY,CAERGWDNDMRF,5
NLVPMVATV,CAAPKGDKIIF,4
NLVPMVATV,CAARSNFGNEKLTF,4
NLVPMVATV,CAASILTGGGNKLTF,4
NLVPMVATV,CAASKDGGFKTIF,4
NLVPMVATV,CAASRDQGAQKLVF,4
NLVPMVATV,CAEISPSGGSYIPTF,4
NLVPMVATV,CAERLQTGANNLFF,4
NLVPMVATV,CAEYTGTASKLTF,4
NLVPMVATV,CAFIAGNQFYF,4
NLVPMVATV,CAFNDYKLSF,4
NLVPMVATV,CAFPYNNNDMRF,4
NLVPMVATV,CAFPYNNNDMRF,4
NLVPMVATV,CAGNTGNQFYF,4
NLVPMVATV,CAGPEKTSYDKVIF,4
NLVPMVATV,CAGPMKTSYDKVIF,4
NLVPMVATV,CAGPMKTSYDKVIF,4
NLVPMVATV,CAGPMKTSYDKVIF,5
NLVPMVATV,CAGPMKTYDKVIF,4
NLVPMVATV,CAGPRKTSYDKVIF,4
NLVPMVATV,CAGPRQTSYDKVIF,4
NLVPMVATV,CAKNTGNQFYF,4
NLVPMVATV,CAKNTGNQFYF,4
NLVPMVATV,CAMNTGNQFYF,4
NLVPMVATV,CAMRVPRAQGGSEKLVF,4
NLVPMVATV,CAPPEGGATNKLIF,4
NLVPMVATV,CAPPSNTGFQKLVF,4
NLVPMVATV,CAPYTGTASKLTF,4
NLVPMVATV,CAPYTGTASKLTF,4
NLVPMVATV,CARNTGNQFYF,4
NLVPMVATV,CARNTGNQFYF,4
NLVPMVATV,CARQDGNQFYF,4
NLVPMVATV,CASFNTGNQFYF,4
NLVPMVATV,CATDAPGGYQKVTF,4
NLVPMVATV,CATKNTGNQFYF,4
NLVPMVATV,CAVAFGNQFYF,4
NLVPMVATV,CAVDIETSGSRLTF,4
NLVPMVATV,CAVDIETSGSRLTF,4
NLVPMVATV,CAVFF,5
NLVPMVATV,CAVPLGPSYDKVIF,4
NLVPMVATV,CAVRDINARLMF,4
NLVPMVATV,CAVRDTDARLMF,4
NLVPMVATV,CAVRDTNARLMF,4
NLVPMVATV,CAVRIDYKLSF,4
NLVPMVATV,CAVRSNFGNEKLTF,4
NLVPMVATV,CAVRSVRGARLMF,4
NLVPMVATV,CAVYFGNVLHC,4
NLVPMVATV,CAVYGTASKLTF,4
NLVPMVATV,CAVYYGQNFVF,4
NLVPMVATV,CAYPYNNNDMRF,4
NLVPMVATV,CAYRSAFWGAQKLVF,4
NLVPMVATV,CILDNNNDMRF,4
NLVPMVATV,CILLGTGANNLFF,4
NLVPMVATV,CILPLWLTF,4
NLVPMVATV,CILSPNNDMRF,4
NLVPMVATV,CAAAGDNNRKLIW,5
NLVPMVATV,CAAALMDSNYQLIW,5
NLVPMVATV,CAACQGGSEKLVF,5
NLVPMVATV,CAADKGNRDDKIIF,5
NLVPMVATV,CAADRGSTLGRLYF,5
NLVPMVATV,CAAEDDGANNLFF,5
NLVPMVATV,CAAERGSTLGRLYF,5
NLVPMVATV,CAAESGGSYIPTF,5
NLVPMVATV,CAAESNSGYALNF,5
NLVPMVATV,CAAEYYGQNFVF,5
NLVPMVATV,CAAFDSGNTGKLIF,5
NLVPMVATV,CAAFHSGSARQLTF,5
NLVPMVATV,CAAFNQAGTALIF,5
NLVPMVATV,CAAGDAMDSNYQLIW,5
NLVPMVATV,CAAGEGNKLVF,5
NLVPMVATV,CAAGFLSGGYNKLIF,5
NLVPMVATV,CAAGGDSNYQLIW,5
NLVPMVATV,CAAGSSSGGYNKLIF,5
NLVPMVATV,CAAHGNQGGKLIF,5
NLVPMVATV,CAAHILTGGGNKLTF,5
NLVPMVATV,CAAIGSTLGRLYF,5
NLVPMVATV,CAAILIGKLIF,5
NLVPMVATV,CAAILKNNNARLMF,5
NLVPMVATV,CAAILLGDYKLSF,5
NLVPMVATV,CAAINAGGTSYGKLTF,5
NLVPMVATV,CAAINDMRF,5
NLVPMVATV,CAAINQAGTALIF,5
NLVPMVATV,CAAIQRDDYKLSF,5
NLVPMVATV,CAAIYPPGNQFYF,5
NLVPMVATV,CAAIYSGGGADGLTF,5
NLVPMVATV,CAAIYSGGYNKLIF,5
NLVPMVATV,CAAKETSGSRLTF,5
NLVPMVATV,CAAKGVYGGATNKLIF,5
NLVPMVATV,CAAKNTGANSKLTF,5
NLVPMVATV,CAAKRRNDYKLSF,5
NLVPMVATV,CAAKSRFYNQGGKLIF,5
NLVPMVATV,CAAKTERVTF,5
NLVPMVATV,CAAKYNFNKFYF,5
NLVPMVATV,CAALAF,5
NLVPMVATV,CAALDGNQFYF,5
NLVPMVATV,CAALGSNDYKLSF,5
NLVPMVATV,CAALIKAAGNKLTF,5
NLVPMVATV,CAALLGAGGTSYGKLTF,5
NLVPMVATV,CAALQGGSEKLVF,5
NLVPMVATV,CAALRDDKIIF,5
NLVPMVATV,CAALRNNNARLMF,5
NLVPMVATV,CAALRRRSNDYKLSF,5
NLVPMVATV,CAALRTASKLTF,5
NLVPMVATV,CAALSGTSYGKLTF,5
NLVPMVATV,CAALYNTDKLIF,5
NLVPMVATV,CAAMDDKIIF,5
NLVPMVATV,CAAMSGSARQLTF,5
NLVPMVATV,CAANAGSARQLTF,5
NLVPMVATV,CAANDLMDSNYQLIW,5
NLVPMVATV,CAANFGNEKLTF,5
NLVPMVATV,CAANKAAGNKLTF,5
NLVPMVATV,CAANQAGTASKLTF,5
NLVPMVATV,CAANQRGARLMF,5
NLVPMVATV,CAANSGNTPLVF,5
NLVPMVATV,CAANTGGFKTIF,5
NLVPMVATV,CAAPAGGTSYGKLTF,5
NLVPMVATV,CAAPASGGSYIPTF,5
NLVPMVATV,CAAPEGSARQLTF,5
NLVPMVATV,CAAPFNRLAF,5
NLVPMVATV,CAAPGADSNYQLIW,5
NLVPMVATV,CAAPGSEKLVF,5
NLVPMVATV,CAAPIIQGAQKLVF,5
NLVPMVATV,CAAPLGSRLTF,5
NLVPMVATV,CAAPLSGGSYIPTF,5
NLVPMVATV,CAAPNNAGNMLTF,5
NLVPMVATV,CAAPNYGGATNKLIF,5
NLVPMVATV,CAAPPGYNRLIF,5
NLVPMVATV,CAAPRDSGTSYGKLTF,5
NLVPMVATV,CAAPRGLMF,5
NLVPMVATV,CAAPSGSARQLTF,5
NLVPMVATV,CAAPVAPSGAGSYQLTF,5
NLVPMVATV,CAAPVKTSYDKVIF,5
NLVPMVATV,CAAPVRVNKFYF,5
NLVPMVATV,CAAPVSGGYQKVTF,5
NLVPMVATV,CAAPYAGANNLFF,5
NLVPMVATV,CAAPYNTDKLIF,5
NLVPMVATV,CAAQPDSSYKLIF,5
NLVPMVATV,CAAQRGNTGNQFYF,5
NLVPMVATV,CAAQRIGAGSYQLTF,5
NLVPMVATV,CAAQRNRDDKIIF,5
NLVPMVATV,CAAQRSQGNLIF,5
NLVPMVATV,CAAQTGANNLFF,5
NLVPMVATV,CAARAGNMLTF,5
NLVPMVATV,CAARASGGSYIPTF,5
NLVPMVATV,CAARDARLMF,5
NLVPMVATV,CAAREDSGAGSYQLTF,5
NLVPMVATV,CAARGGYSGTYKYIF,5
NLVPMVATV,CAARHNARLMF,5
NLVPMVATV,CAARIKAAGNKLTF,5
NLVPMVATV,CAARNARLMF,5
NLVPMVATV,CAARPVMDSNYQLIW,5
NLVPMVATV,CAARRAETDKLIF,5
NLVPMVATV,CAARSNDYKLSF,5
NLVPMVATV,CAARTFGGADGLTF,5
NLVPMVATV,CAARVMEYGNKLVF,5
NLVPMVATV,CAARVSSYNTDKLIF,5
NLVPMVATV,CAARWTGFQKLVF,5
NLVPMVATV,CAARYGGSQGNLIF,5
NLVPMVATV,CAASAFGNEKLTF,5
NLVPMVATV,CAASAGPSNTGKLIF,5
NLVPMVATV,CAASAIGTASKLTF,5
NLVPMVATV,CAASALTGNQFYF,5
NLVPMVATV,CAASAQAGSARQLTF,5
NLVPMVATV,CAASARETSGSRLTF,5
NLVPMVATV,CAASARYGGSQGNLIF,5
NLVPMVATV,CAASASFKTIF,5
NLVPMVATV,CAASASHYQLIW,5
NLVPMVATV,CAASATGTASKLTF,5
NLVPMVATV,CAASATQGGSEKLVF,5
NLVPMVATV,CAASAVDGFQKLVF,5
NLVPMVATV,CAASAVMDSNYQLIW,5
NLVPMVATV,CAASDGGSGGGADGLTF,5
NLVPMVATV,CAASDNTDKLIF,5
NLVPMVATV,CAASDQGGANSKLTF,5
NLVPMVATV,CAASDRAAGNKLTF,5
NLVPMVATV,CAASDRDDKIIF,5
NLVPMVATV,CAASDSNYQLIW,5
NLVPMVATV,CAASDTGRRALTF,5
NLVPMVATV,CAASEAAGNNRKLIW,5
NLVPMVATV,CAASEGGSARQLTF,5
NLVPMVATV,CAASEGKLIF,5
NLVPMVATV,CAASEGNKLVF,5
NLVPMVATV,CAASEGNYGQNFVF,5
NLVPMVATV,CAASEGQFYF,5
NLVPMVATV,CAASEHAGNMLTF,5
NLVPMVATV,CAASEKEAGTASKLTF,5
NLVPMVATV,CAASEPGGGADGLTF,5
NLVPMVATV,CAASERGGGNKLTF,5
NLVPMVATV,CAASERRGSNYKLTF,5
NLVPMVATV,CAASFLGAGNNRKLIW,5
NLVPMVATV,CAASFSGTYKYIF,5
NLVPMVATV,CAASGDDKIIF,5
NLVPMVATV,CAASGGSSARQLTF,5
NLVPMVATV,CAASGISNFGNEKLTF,5
NLVPMVATV,CAASGNNDMRF,5
NLVPMVATV,CAASGRDDKIIF,5
NLVPMVATV,CAASGRDSSYKLIF,5
NLVPMVATV,CAASGRSSARQLTF,5
NLVPMVATV,CAASGTYKYIF,5
NLVPMVATV,CAASGVGSARQLTF,5
NLVPMVATV,CAASHNNARLMF,5
NLVPMVATV,CAASIAEGGADGLTF,5
NLVPMVATV,CAASIGGQNFVF,5
NLVPMVATV,CAASINQAGTALIF,5
NLVPMVATV,CAASINTGFQKLVF,5
NLVPMVATV,CAASIQNTGNQFYF,5
NLVPMVATV,CAASIRTGNQFYF,5
NLVPMVATV,CAASISNFGNEKLTF,5
NLVPMVATV,CAASITGANNLFF,5
NLVPMVATV,CAASKKAAGNKLTF,5
NLVPMVATV,CAASLDFTGFQKLVF,5
NLVPMVATV,CAASLFYSGAGSYQLTF,5
NLVPMVATV,CAASLNTGGFKTIF,5
NLVPMVATV,CAASLRDNQGGKLIF,5
NLVPMVATV,CAASMGGFKTIF,5
NLVPMVATV,CAASMYSGGGADGLTF,5
NLVPMVATV,CAASNDYKLSF,5
NLVPMVATV,CAASNGYKLSF,5
NLVPMVATV,CAASNPAGSQGNLIF,5
NLVPMVATV,CAASNPANDYKLSF,5
NLVPMVATV,CAASNPSSGYSTLTF,5
NLVPMVATV,CAASNRAGTASKLTF,5
NLVPMVATV,CAASNRSWDSGGGNKLTF,5
NLVPMVATV,CAASNSGYALNF,5
NLVPMVATV,CAASPAGNMLTF,5
NLVPMVATV,CAASPLLSGGYNKLIF,5
NLVPMVATV,CAASPNTGNQFYF,5
NLVPMVATV,CAASPPGYSTLTF,5
NLVPMVATV,CAASPPLGTGNQFYF,5
NLVPMVATV,CAASPPNEFSGGYNKLIF,5
NLVPMVATV,CAASPRDNYGQNFVF,5
NLVPMVATV,CAASQQRQLTF,5
NLVPMVATV,CAASRAASKLTF,5
NLVPMVATV,CAASRGNNARLMF,5
NLVPMVATV,CAASRGTAGNKLTF,5
NLVPMVATV,CAASRGTSYGKLTF,5
NLVPMVATV,CAASRMDSNYQLIW,5
NLVPMVATV,CAASRPNSGGSNYKLTF,5
NLVPMVATV,CAASRPQAGTALIF,5
NLVPMVATV,CAASSNRGSTLGRLYF,5
NLVPMVATV,CAASSNTGNQFYF,5
NLVPMVATV,CAASSQGGKLIF,5
NLVPMVATV,CAASSRNAGNMLTF,5
NLVPMVATV,CAASSRSNSGYALNF,5
NLVPMVATV,CAASSSGAGSYQLTF,5
NLVPMVATV,CAASSSGGTSYGKLTF,5
NLVPMVATV,CAASSSGSARQLTF,5
NLVPMVATV,CAASSSRDDKIIF,5
NLVPMVATV,CAASSSSEYGNKLVF,5
NLVPMVATV,CAASSWGTYKYIF,5
NLVPMVATV,CAASSYNNNDMRF,5
NLVPMVATV,CAASSYNTDKLIF,5
NLVPMVATV,CAASTDGKLTF,5
NLVPMVATV,CAASTGGFKTIF,5
NLVPMVATV,CAASTRGYNKLIF,5
NLVPMVATV,CAASVENSGYALNF,5
NLVPMVATV,CAASVTGANNLFF,5
NLVPMVATV,CAASWRDNFNKFYF,5
NLVPMVATV,CAASYDTGNQFYF,5
NLVPMVATV,CAASYKNSGYALNF,5
NLVPMVATV,CAASYNARLMF,5
NLVPMVATV,CAASYNNNDMRF,5
NLVPMVATV,CAASYYKLSF,5
NLVPMVATV,CAASYYTGGFKTIF,5
NLVPMVATV,CAATAIIQGAQKLVF,5
NLVPMVATV,CAATDSNYQLIW,5
NLVPMVATV,CAATDSNYQLIW,5
NLVPMVATV,CAATEEEYGNKLVF,5
NLVPMVATV,CAATFSNQFYF,5
NLVPMVATV,CAATGGSYIPTF,5
NLVPMVATV,CAATLSYTGANSKLTF,5
NLVPMVATV,CAATNSGGSNYKLTF,5
NLVPMVATV,CAATPLLTGGFKTIF,5
NLVPMVATV,CAATRGANNLFF,5
NLVPMVATV,CAATRGNARLMF,5
NLVPMVATV,CAATSGTYKYIF,5
NLVPMVATV,CAATTGNQFYF,5
NLVPMVATV,CAATYSGGGADGLTF,5
NLVPMVATV,CAAVDSNYQLIW,5
NLVPMVATV,CAAVEQAGTALIF,5
NLVPMVATV,CAAWAAGNKLTF,5
NLVPMVATV,CAAWSNYQLIW,5
NLVPMVATV,CAAYGQNFVF,5
NLVPMVATV,CAAYNAGNNRKLIW,5
NLVPMVATV,CAAYNQGGKLIF,5
NLVPMVATV,CAAYNTNAGKSTF,5
NLVPMVATV,CAAYSGAGSYQLTF,5
NLVPMVATV,CAAYSGYSTLTF,5
NLVPMVATV,CAAYSSASKIIF,5
NLVPMVATV,CAAYTEYGNKLVF,5
NLVPMVATV,CAAYTGGFKTIF,5
NLVPMVATV,CACYSGGGADGLTF,5
NLVPMVATV,CADFTGGGNKLTF,5
NLVPMVATV,CADLNRDDKIIF,5
NLVPMVATV,CADLRRALTF,5
NLVPMVATV,CADPLGTYKYIF,5
NLVPMVATV,CADQTGANNLFF,5
NLVPMVATV,CADRFRDDKIIF,5
NLVPMVATV,CADYYGQNFVF,4
NLVPMVATV,CADYYGQNFVF,4
NLVPMVATV,CAEADDKIIF,5
NLVPMVATV,CAEAVGGSYIPTF,5
NLVPMVATV,CAEDDPANDYKLSF,5
NLVPMVATV,CAEDRGSYIPTF,5
NLVPMVATV,CAEDTGGYNKLIF,5
NLVPMVATV,CAEEQGDSNYQLIW,5
NLVPMVATV,CAEGEGANNLFF,5
NLVPMVATV,CAEGTMDSSYKLIF,5
NLVPMVATV,CAEGVGTYKYIF,5
NLVPMVATV,CAEIEAGTALIF,5
NLVPMVATV,CAEIGGQNFVF,5
NLVPMVATV,CAEIIPAQGGSEKLVF,5
NLVPMVATV,CAEINARLMF,5
NLVPMVATV,CAEIPNYGGSQGNLIF,5
NLVPMVATV,CAEIPSNDYKLSF,4
NLVPMVATV,CAEIPYNQGGKLIF,5
NLVPMVATV,CAEISNAGNMLTF,5
NLVPMVATV,CAEISNTGKLIF,5
NLVPMVATV,CAEIYFNARLMF,5
NLVPMVATV,CAEKGNGDARLMF,5
NLVPMVATV,CAEKNKNRLAF,5
NLVPMVATV,CAEKPGGYQKVTF,5
NLVPMVATV,CAEKTSYDKVIF,5
NLVPMVATV,CAEKVDKIIF,5
NLVPMVATV,CAELTGGFKTIF,5
NLVPMVATV,CAEMAPSGNTPLVF,5
NLVPMVATV,CAEMIRDDKIIF,5
NLVPMVATV,CAEMPMDSSYKLIF,5
NLVPMVATV,CAENAGNNRKLIW,5
NLVPMVATV,CAENDMRF,5
NLVPMVATV,CAENDPFSGGYNKLIF,5
NLVPMVATV,CAENFNDYKLSF,5
NLVPMVATV,CAENGAGGYNKLIF,5
NLVPMVATV,CAENGAKAAGNKLTF,5
NLVPMVATV,CAENGNTGKLIF,5
NLVPMVATV,CAENIANQGGKLIF,5
NLVPMVATV,CAENKETSGSRLTF,5
NLVPMVATV,CAENMDSSYKLIF,5
NLVPMVATV,CAENPDDKIIF,5
NLVPMVATV,CAENPYGQNFVF,5
NLVPMVATV,CAENQAGTALIF,5
NLVPMVATV,CAENQRTGGQNFVF,5
NLVPMVATV,CAENQVKAAGNKLTF,5
NLVPMVATV,CAENRNDYKLSF,5
NLVPMVATV,CAENRNGAYGQNFVF,5
NLVPMVATV,CAENRNSGGSNYKLTF,5
NLVPMVATV,CAENSAYNQGGKLIF,5
NLVPMVATV,CAENSRSNDYKLSF,5
NLVPMVATV,CAENSYNQGGKLIF,5
NLVPMVATV,CAENTIGNTDKLIF,5
NLVPMVATV,CAEPGKTSYDKVIF,5
NLVPMVATV,CAEPNSGYSTLTF,5
NLVPMVATV,CAERARRDDKIIF,5
NLVPMVATV,CAERDNAGNMLTF,5
NLVPMVATV,CAERELTGGGNKLTF,5
NLVPMVATV,CAERGVDSSYKLIF,5
NLVPMVATV,CAERNNDMRF,5
NLVPMVATV,CAERPYGNNRLAF,5
NLVPMVATV,CAERRANAGGTSYGKLTF,5
NLVPMVATV,CAERRDNFNKFYF,5
NLVPMVATV,CAERRSSASKIIF,5
NLVPMVATV,CAERVDQGGKLIF,5
NLVPMVATV,CAESIGKLIF,5
NLVPMVATV,CAESIIKAAGNKLTF,5
NLVPMVATV,CAESILDYGQNFVF,5
NLVPMVATV,CAESINGGSQGNLIF,5
NLVPMVATV,CAESIRGSGGGADGLTF,5
NLVPMVATV,CAESISSNTGKLIF,5
NLVPMVATV,CAESIVDSSYKLIF,5
NLVPMVATV,CAESLNQAGTALIF,5
NLVPMVATV,CAESMNSGYALNF,5
NLVPMVATV,CAESNWYGGSQGNLIF,5
NLVPMVATV,CAESPGTYKYIF,5
NLVPMVATV,CAESPNARLMF,5
NLVPMVATV,CAESPSGNTGKLIF,5
NLVPMVATV,CAESWGDSSYKLIF,5
NLVPMVATV,CAESYDNYGQNFVF,5
NLVPMVATV,CAETANSGYALNF,5
NLVPMVATV,CAETDNYGQNFVF,5
NLVPMVATV,CAETFNDYKLSF,5
NLVPMVATV,CAETLSGNTGKLIF,5
NLVPMVATV,CAETLTRHASGGSYIPTF,5
NLVPMVATV,CAETLTYNTDKLIF,5
NLVPMVATV,CAETNAGKSTF,5
NLVPMVATV,CAETNQAGTALIF,5
NLVPMVATV,CAETPRVDIF,5
NLVPMVATV,CAETPTNDYKLSF,4
NLVPMVATV,CAETRRSDYKLSF,5
NLVPMVATV,CAETRSPDYKLSF,5
NLVPMVATV,CAETVNSGNTPLVF,5
NLVPMVATV,CAETYNFNKFYF,5
NLVPMVATV,CAETYSKIIF,5
NLVPMVATV,CAEVGTDKLIF,5
NLVPMVATV,CAEVSGNTGKLIF,5
NLVPMVATV,CAEWVEYGNKLVF,5
NLVPMVATV,CAEYNTDKLIF,5
NLVPMVATV,CAFAHGSSNTGKLIF,5
NLVPMVATV,CAFDAPFGNEKLTF,5
NLVPMVATV,CAFDNYGQNFVF,5
NLVPMVATV,CAFDRGSTLGRLYF,5
NLVPMVATV,CAFEAGNQFYF,5
NLVPMVATV,CAFEGAQKLVF,5
NLVPMVATV,CAFEGPNFGNEKLTF,5
NLVPMVATV,CAFETQGGSEKLVF,5
NLVPMVATV,CAFGDAGGTSYGKLTF,5
NLVPMVATV,CAFGDYKLSF,5
NLVPMVATV,CAFGSNYQLIW,5
NLVPMVATV,CAFGYGNTPLVF,5
NLVPMVATV,CAFIHPGNNRLAF,5
NLVPMVATV,CAFIHPLYNQGGKLIF,5
NLVPMVATV,CAFIQGAQKLVF,5
NLVPMVATV,CAFISYNQFYF,5
NLVPMVATV,CAFITGIQFYF,5
NLVPMVATV,CAFITGNQFYFGTGTSLTVIPRGSYIPTF,5
NLVPMVATV,CAFITGNQFYF,5
NLVPMVATV,CAFITIGNQFYF,5
NLVPMVATV,CAFITSNMLTF,5
NLVPMVATV,CAFITSNQFYF,5
NLVPMVATV,CAFKDSNYQLIW,5
NLVPMVATV,CAFKGYF,5
NLVPMVATV,CAFLAGNFNKFYF,5
NLVPMVATV,CAFLGAGSYQLTF,5
NLVPMVATV,CAFLTGNQFYF,5
NLVPMVATV,CAFMAGNQFYF,5
NLVPMVATV,CAFMEGDSNYQLIW,5
NLVPMVATV,CAFMGYGGSQGNLIF,5
NLVPMVATV,CAFMKHANVDSNYQLIW,5
NLVPMVATV,CAFMKHGDSSNTGKLIF,5
NLVPMVATV,CAFMKQTTSGTYKYIF,5
NLVPMVATV,CAFMKRYGGSQGNLIF,5
NLVPMVATV,CAFMKTRPSTGTASKLTF,5
NLVPMVATV,CAFMNPRGSNYKLTF,5
NLVPMVATV,CAFMNYEGGADGLTF,5
NLVPMVATV,CAFMSTNFGDEKLTF,5
NLVPMVATV,CAFMTGNQFYF,5
NLVPMVATV,CAFMTKQGGSEKLVF,5
NLVPMVATV,CAFMTSVSNQFYF,5
NLVPMVATV,CAFNPPGSQGNLIF,5
NLVPMVATV,CAFNQAGTALIF,5
NLVPMVATV,CAFPLDSSYKLIF,5
NLVPMVATV,CAFPMDSSYKLIF,5
NLVPMVATV,CAFPMNRDDKIIF,5
NLVPMVATV,CAFPNNNAGNMLTF,5
NLVPMVATV,CAFPSGGGADGLTF,5
NLVPMVATV,CAFPSGYSTLTF,5
NLVPMVATV,CAFPSSGTYKYIF,5
NLVPMVATV,CAFPSSGYNKLIF,5
NLVPMVATV,CAFPTGANNLFF,5
NLVPMVATV,CAFPTGTASKLTF,5
NLVPMVATV,CAFPYGGSQGNLIF,5
NLVPMVATV,CAFPYNNNDMRF,5
NLVPMVATV,CAFRGSNYQLIW,5
NLVPMVATV,CAFRLRSGATNKLIF,5
NLVPMVATV,CAFRTGDKVIF,5
NLVPMVATV,CAFRTGGATNKLIF,5
NLVPMVATV,CAFSFGSDSRLTF,5
NLVPMVATV,CAFSISNFGNEKLTF,5
NLVPMVATV,CAFSLGDDKIIF,5
NLVPMVATV,CAFSLSSYKLIF,5
NLVPMVATV,CAFTGGGNKLTF,5
NLVPMVATV,CAFTRGYGNKLVF,5
NLVPMVATV,CAFTRSNDYKLSF,5
NLVPMVATV,CAFWDTGRRALTF,5
NLVPMVATV,CAFYDGDGLTF,5
NLVPMVATV,CAGAAASKLTF,5
NLVPMVATV,CAGAAGGGADGLTF,5
NLVPMVATV,CAGADNAGNMLTF,5
NLVPMVATV,CAGADSNYQLIW,5
NLVPMVATV,CAGAEKVSMDSSYKLIF,5
NLVPMVATV,CAGAGAGKSTF,5
NLVPMVATV,CAGAGEAGGTSYGKLTF,5
NLVPMVATV,CAGAGGGNKLTF,5
NLVPMVATV,CAGAGLDSNYQLIW,5
NLVPMVATV,CAGAHEKLTF,5
NLVPMVATV,CAGAIFVGNDKIIF,5
NLVPMVATV,CAGAKSAGNNRKLIW,5
NLVPMVATV,CAGAPAYRDDKIIF,5
NLVPMVATV,CAGAPIIQGAQKLVF,5
NLVPMVATV,CAGAPITGANNLFF,5
NLVPMVATV,CAGARVNKFYF,5
NLVPMVATV,CAGASAAGNKLTF,5
NLVPMVATV,CAGASGAGSYQLTF,5
NLVPMVATV,CAGASNTGKLIF,5
NLVPMVATV,CAGASNTGNQFYF,5
NLVPMVATV,CAGASPRRSGGGADGLTF,5
NLVPMVATV,CAGATNAGNMLTF,5
NLVPMVATV,CAGAVVTGANNLFF,5
NLVPMVATV,CAGAYLTQGGSEKLVF,5
NLVPMVATV,CAGAYNNTGKLIF,5
NLVPMVATV,CAGDFGNQFYF,5
NLVPMVATV,CAGDNYGQNFVF,5
NLVPMVATV,CAGDPENNAGNMLTF,5
NLVPMVATV,CAGDTTSGTYKYIF,5
NLVPMVATV,CAGEAYNTNAGKSTF,5
NLVPMVATV,CAGEDDKIIF,5
NLVPMVATV,CAGEESTGNQFYF,5
NLVPMVATV,CAGEGDDKIIF,5
NLVPMVATV,CAGEGRADSNYQLIW,5
NLVPMVATV,CAGEKGGRGSTLGRLYF,5
NLVPMVATV,CAGEVVRGAQKLVF,5
NLVPMVATV,CAGGAGGTSYGKLTF,5
NLVPMVATV,CAGGDKIIF,5
NLVPMVATV,CAGGDYNTDKLIF,5
NLVPMVATV,CAGGESNFGNEKLTF,5
NLVPMVATV,CAGGFQKLVF,5
NLVPMVATV,CAGGGGTASKLTF,5
NLVPMVATV,CAGGGYSTLTF,5
NLVPMVATV,CAGGIQGGSEKLVF,5
NLVPMVATV,CAGGKGDSNYQLIW,5
NLVPMVATV,CAGGLGGYQKVTF,5
NLVPMVATV,CAGGSGANNLFF,5
NLVPMVATV,CAGGSGGYNKLIF,5
NLVPMVATV,CAGGSNTGKLIF,5
NLVPMVATV,CAGGTGNQFYF,5
NLVPMVATV,CAGHGSSNTGKLIF,5
NLVPMVATV,CAGHHNAGNMLTF,5
NLVPMVATV,CAGHLYNFNKFYF,5
NLVPMVATV,CAGHMSYDKVIF,5
NLVPMVATV,CAGHNNNDMRF,5
NLVPMVATV,CAGHWDSNYQLIW,5
NLVPMVATV,CAGIGAASYDKVIF,5
NLVPMVATV,CAGILAYKLSF,5
NLVPMVATV,CAGLDNYGQNFVF,5
NLVPMVATV,CAGLGANYGGSQGNLIF,5
NLVPMVATV,CAGLGYGGATNKLIF,5
NLVPMVATV,CAGLHSGYSTLTF,5
NLVPMVATV,CAGLKYGNKLVF,5
NLVPMVATV,CAGLLGNEKLTF,5
NLVPMVATV,CAGLLVDSNYQLIW,5
NLVPMVATV,CAGLSIQGAQKLVF,5
NLVPMVATV,CAGLTTDSWGKFQF,4
NLVPMVATV,CAGLWDRGSTLGRLYF,5
NLVPMVATV,CAGNFGNEKLTF,5
NLVPMVATV,CAGNNNAGNMLTF,5
NLVPMVATV,CAGNTNAGKSTF,5
NLVPMVATV,CAGPDSDLINNDMRF,5
NLVPMVATV,CAGPGGVQGAQKLVF,5
NLVPMVATV,CAGPGKTSYNKVIF,5
NLVPMVATV,CAGPGMVTGGGNKLTF,5
NLVPMVATV,CAGPGYSTLTF,5
NLVPMVATV,CAGPIGGGADGLTF,5
NLVPMVATV,CAGPIGGSQGNLIF,5
NLVPMVATV,CAGPIKTSYDKVIF,5
NLVPMVATV,CAGPKVKAAGNKLTF,5
NLVPMVATV,CAGPLRKLTF,5
NLVPMVATV,CAGPMKTSYDKVIF,5
NLVPMVATV,CAGPNFGNEKLTF,5
NLVPMVATV,CAGPPENYGQNFVF,5
NLVPMVATV,CAGPRAGGTSYGKLTF,5
NLVPMVATV,CAGPSETSYDKVIF,5
NLVPMVATV,CAGPSKTSYDKVIF,5
NLVPMVATV,CAGPSKTSYDKVIF,5
NLVPMVATV,CAGPTKTSYDKVIF,5
NLVPMVATV,CAGPTYSGAGSYQLTF,5
NLVPMVATV,CAGPWYSGTYKYIF,5
NLVPMVATV,CAGPYGQNFVF,5
NLVPMVATV,CAGPYNNARLMF,5
NLVPMVATV,CAGQAGNDMRF,5
NLVPMVATV,CAGQANAGNNRKLIW,5
NLVPMVATV,CAGQGATSGTYKYIF,5
NLVPMVATV,CAGQGDGGATNKLIF,5
NLVPMVATV,CAGQGNQFYF,5
NLVPMVATV,CAGQGYGGATNKLIF,5
NLVPMVATV,CAGQIYSGAGSYQLTF,5
NLVPMVATV,CAGQLDAGNMLTF,5
NLVPMVATV,CAGQLGAGGTSYGKLTF,5
NLVPMVATV,CAGQLGGTSYGKLTF,5
NLVPMVATV,CAGQNNAGNMLTF,5
NLVPMVATV,CAGQNNNARLMF,5
NLVPMVATV,CAGQPPISSGSARQLTF,5
NLVPMVATV,CAGQPSRHDDKIIF,5
NLVPMVATV,CAGQSDLGYGGSQGNLIF,5
NLVPMVATV,CAGQWELVF,5
NLVPMVATV,CAGRDNYGQNFVF,5
NLVPMVATV,CAGRDSGNTGKLIF,5
NLVPMVATV,CAGRGDDKIIF,5
NLVPMVATV,CAGRGTNAGKSTF,5
NLVPMVATV,CAGRKAQTGANNLFF,5
NLVPMVATV,CAGRLWTDKLIF,5
NLVPMVATV,CAGRMDSSYKLIF,5
NLVPMVATV,CAGRPDSGTYKYIF,5
NLVPMVATV,CAGRPLSGGYNKLIF,5
NLVPMVATV,CAGRQSVDMRF,5
NLVPMVATV,CAGRRSGNTGKLIF,5
NLVPMVATV,CAGRRTDKLIF,5
NLVPMVATV,CAGRSNTDKLIF,5
NLVPMVATV,CAGRSNTGNQFYF,5
NLVPMVATV,CAGRTLNDYKLSF,5
NLVPMVATV,CAGRTPGGATNKLIF,5
NLVPMVATV,CAGSDNFNKFYF,5
NLVPMVATV,CAGSEAGGYNKLIF,5
NLVPMVATV,CAGSFGGYNKLIF,5
NLVPMVATV,CAGSGGGADGLTF,5
NLVPMVATV,CAGSGNTPLVF,5
NLVPMVATV,CAGSIPPGSARQLTF,5
NLVPMVATV,CAGSIYNQGGKLIF,5
NLVPMVATV,CAGSLKTSYDKVIF,5
NLVPMVATV,CAGSNYKLTF,5
NLVPMVATV,CAGSVSNYQLIW,5
NLVPMVATV,CAGTRYNFNKFYF,5
NLVPMVATV,CAGTTTGTASKLTF,5
NLVPMVATV,CAGVDNYGQNFVF,5
NLVPMVATV,CAGVDSNYQLIW,5
NLVPMVATV,CAGVFSNTGKLIF,5
NLVPMVATV,CAGVGDSSYKLIF,5
NLVPMVATV,CAGVGSYFGNEKLTF,5
NLVPMVATV,CAGVKAAGNKLTF,5
NLVPMVATV,CAGVPGGADGLTF,5
NLVPMVATV,CAGVPQTGANNLFF,5
NLVPMVATV,CAGVSGGYNKLIF,5
NLVPMVATV,CAGVSTNAGKSTF,5
NLVPMVATV,CAGVWGGGSNYKLTF,5
NLVPMVATV,CAGWSVSAGKSTF,5
NLVPMVATV,CAGYGNKLVF,5
NLVPMVATV,CAGYMDSNYQLIW,5
NLVPMVATV,CAGYMYSGGGADGLTF,5
NLVPMVATV,CAGYSSNTGKLIF,5
NLVPMVATV,CAHASGGSYIPTF,5
NLVPMVATV,CAHAYGNNRLAF,5
NLVPMVATV,CAHENTGFQKLVF,5
NLVPMVATV,CAHGDNAGNMLTF,5
NLVPMVATV,CAHGGTSYGKLTF,5
NLVPMVATV,CAHLADDKIIF,5
NLVPMVATV,CAHLPDSSYKLIF,5
NLVPMVATV,CAHSGGYNKLIF,5
NLVPMVATV,CAHTGRRALTF,5
NLVPMVATV,CAIFF,5
NLVPMVATV,CAIGEGGGKLIF,5
NLVPMVATV,CAIGNNDMRF,5
NLVPMVATV,CAIGTSYGKLTF,5
NLVPMVATV,CAIHEANNLFF,5
NLVPMVATV,CAIHSMDSNYQLIW,5
NLVPMVATV,CAIISSNTGKLIF,5
NLVPMVATV,CAILAGNQFYF,5
NLVPMVATV,CAILDDKIIF,5
NLVPMVATV,CAILTGGGNKLTF,5
NLVPMVATV,CAIPRGAQKLVF,5
NLVPMVATV,CAIPRHPTGGGADGLTF,5
NLVPMVATV,CAIPSTGAGSYQLTF,5
NLVPMVATV,CAIQEQGNTPLVF,5
NLVPMVATV,CAIRAGGTSYGKLTF,5
NLVPMVATV,CAISGSARQLTF,5
NLVPMVATV,CAITNSGYSTLTF,5
NLVPMVATV,CAKSLDGANNLFF,5
NLVPMVATV,CALAGGATNKLIF,5
NLVPMVATV,CALAYSSASKIIF,5
NLVPMVATV,CALCQVGGSYIPTF,5
NLVPMVATV,CALDIGTNAGKSTF,5
NLVPMVATV,CALDIHGENGANNLFF,5
NLVPMVATV,CALDLPWGGNTPLVF,5
NLVPMVATV,CALDNAGNMLTF,5
NLVPMVATV,CALDSGGGADGLTF,5
NLVPMVATV,CALDTDNQFYF,5
NLVPMVATV,CALDTGNQFYF,5
NLVPMVATV,CALEDFQKLVF,5
NLVPMVATV,CALEEGNYGGSQGNLIF,5
NLVPMVATV,CALEGEYGNKLVF,5
NLVPMVATV,CALFKGGADGLTF,5
NLVPMVATV,CALFTGGGNKLTF,5
NLVPMVATV,CALFYGNNRLAF,5
NLVPMVATV,CALGAVIYNQGGKLIF,5
NLVPMVATV,CALGDFTGNQFYF,5
NLVPMVATV,CALGDLRSGYALNF,5
NLVPMVATV,CALGDLTSGTYKYIF,5
NLVPMVATV,CALGDNNARLMF,5
NLVPMVATV,CALGDPSSGTYKYIF,5
NLVPMVATV,CALGEILFAGGTSYGKLTF,5
NLVPMVATV,CALGELDTGGFKTIF,5
NLVPMVATV,CALGELELRISSGSARQLTF,5
NLVPMVATV,CALGELEPSGSRLTF,5
NLVPMVATV,CALGELEPSGSRLTF,5
NLVPMVATV,CALGELGAGGTSYGKLTF,5
NLVPMVATV,CALGELGGSYIPTF,5
NLVPMVATV,CALGELGTGGFKTIF,5
NLVPMVATV,CALGELKGNFNKFYF,5
NLVPMVATV,CALGELNYGQNFVF,5
NLVPMVATV,CALGELSTSGTYKYIF,5
NLVPMVATV,CALGEPAGGTSYGKLTF,5
NLVPMVATV,CALGEPTPSTGANSKLTF,5
NLVPMVATV,CALGEQDSSNTGKLIF,5
NLVPMVATV,CALGERSSYDKVIF,5
NLVPMVATV,CALGEVATNKLIF,5
NLVPMVATV,CALGEVERYSTLTF,5
NLVPMVATV,CALGGHNTGGFKTIF,5
NLVPMVATV,CALGGNKLVF,5
NLVPMVATV,CALGGPPSSASKIIF,5
NLVPMVATV,CALGNRDDKIIF,5
NLVPMVATV,CALGRGSTLGRLYF,5
NLVPMVATV,CALGRGTGNQFYF,5
NLVPMVATV,CALGWANNLFF,5
NLVPMVATV,CALHPGNQFYF,5
NLVPMVATV,CALIPLSGGYNKLIF,5
NLVPMVATV,CALIQSSGGYNKLIF,5
NLVPMVATV,CALITWGAGGTSYGKLTF,5
NLVPMVATV,CALIVPTSGTYKYIF,5
NLVPMVATV,CALKGGGGNKLTF,5
NLVPMVATV,CALKSRGGSEKLVF,5
NLVPMVATV,CALLAGNQFYF,5
NLVPMVATV,CALLAGNQFYF,5
NLVPMVATV,CALLAGNQFYF,5
NLVPMVATV,CALLAGNQFYF,5
NLVPMVATV,CALLGMDSNYQLIW,5
NLVPMVATV,CALLIYNQGGKLIF,5
NLVPMVATV,CALLSEGGGADGLTF,5
NLVPMVATV,CALLVSSNTGKLIF,5
NLVPMVATV,CALLYNNNDMRF,5
NLVPMVATV,CALMDYGNNRLAF,5
NLVPMVATV,CALMEYGNKLVF,5
NLVPMVATV,CALMGYSTDKLIF,5
NLVPMVATV,CALNAGNMLTF,5
NLVPMVATV,CALNGNQFYF,5
NLVPMVATV,CALNGRSQGNLIF,5
NLVPMVATV,CALNRDTGRRALTF,5
NLVPMVATV,CALNTGGFKTIF,5
NLVPMVATV,CALNTGGFKTIF,5
NLVPMVATV,CALPITGANNLFF,5
NLVPMVATV,CALPPPTSGSRLTF,5
NLVPMVATV,CALPSGGSYIPTF,5
NLVPMVATV,CALPVRTGANNLFF,5
NLVPMVATV,CALQGAQKLVF,5
NLVPMVATV,CALQSWGGNNARLMF,5
NLVPMVATV,CALRDTNAGKSTF,5
NLVPMVATV,CALREGGGSQGNLIF,5
NLVPMVATV,CALREGTGKLIF,5
NLVPMVATV,CALRENNAGNMLTF,5
NLVPMVATV,CALRGEDSNYQLIW,5
NLVPMVATV,CALRGGGANSKLTF,5
NLVPMVATV,CALRGTGRRALTF,5
NLVPMVATV,CALRGTSGSRLTF,5
NLVPMVATV,CALRKMDSNYKLIF,5
NLVPMVATV,CALRLAPDSNYQLIW,5
NLVPMVATV,CALRPGANNLFF,5
NLVPMVATV,CALRPGGYNKLIF,5
NLVPMVATV,CALRPRDYGQNFVF,5
NLVPMVATV,CALRQTGANNLFF,5
NLVPMVATV,CALRTTSGTYKYIF,5
NLVPMVATV,CALSAGFQKLVF,5
NLVPMVATV,CALSALESGSARQLTF,5
NLVPMVATV,CALSAPVIIQGAQKLVF,5
NLVPMVATV,CALSATDTGFQKLVF,5
NLVPMVATV,CALSDNYGQNFVF,5
NLVPMVATV,CALSDPIGRVNRKLTF,5
NLVPMVATV,CALSDPPPYTGANSKLTF,5
NLVPMVATV,CALSDPTSGGYQKVTF,5
NLVPMVATV,CALSDRGSGGSYIPTF,5
NLVPMVATV,CALSDRYGGSQGNLIF,5
NLVPMVATV,CALSDWNSGGSNYKLTF,5
NLVPMVATV,CALSEAEDAGNMLTF,5
NLVPMVATV,CALSEAFPQGGSEKLVF,5
NLVPMVATV,CALSEAGDDKIIF,5
NLVPMVATV,CALSEAGETSGSRLTF,5
NLVPMVATV,CALSEAGFSGGYNKLIF,5
NLVPMVATV,CALSEAINQAGTALIF,5
NLVPMVATV,CALSEALGKGSRGSTLGRLYF,5
NLVPMVATV,CALSEAMVEYGNKLVF,5
NLVPMVATV,CALSEARMDSSYKLIF,5
NLVPMVATV,CALSEARSGANNLFF,5
NLVPMVATV,CALSEARSGSARQLTF,5
NLVPMVATV,CALSEASGYSTLTF,5
NLVPMVATV,CALSEASYGDYKLSF,5
NLVPMVATV,CALSEATGGSYIPTF,5
NLVPMVATV,CALSEATTGYSTLTF,5
NLVPMVATV,CALSEAYGNNRLAF,5
NLVPMVATV,CALSEEDYGQNFVF,5
NLVPMVATV,CALSEESNFGNEKLTF,5
NLVPMVATV,CALSEETSGSRLTF,5
NLVPMVATV,CALSEGGGSYIPTF,5
NLVPMVATV,CALSEGPLTSGTYKYIF,5
NLVPMVATV,CALSEIDSNYQLIW,5
NLVPMVATV,CALSEISNFGNEKLTF,5
NLVPMVATV,CALSELDSNYQLIW,5
NLVPMVATV,CALSELDYGQNFVF,5
NLVPMVATV,CALSENHDYKLSF,5
NLVPMVATV,CALSEPGGGGYNKLIF,5
NLVPMVATV,CALSEQGGSEKLVF,5
NLVPMVATV,CALSEQGGSKKLVF,5
NLVPMVATV,CALSESEGSTLGRLYF,5
NLVPMVATV,CALSESPLSEEDYKLSF,5
NLVPMVATV,CALSESPSNTGKLIF,5
NLVPMVATV,CALSESPTGANNLFF,5
NLVPMVATV,CALSESRNTGTASKLTF,5
NLVPMVATV,CALSESVSSGSARQLTF,5
NLVPMVATV,CALSEVDSNYQLIW,5
NLVPMVATV,CALSEWEYGNKLVF,5
NLVPMVATV,CALSEYSSASKIIF,5
NLVPMVATV,CALSFAGGYQKVTF,5
NLVPMVATV,CALSGFMDSNYQLIW,5
NLVPMVATV,CALSGGSGGTSYGKLTF,5
NLVPMVATV,CALSGGSNYKLTF,5
NLVPMVATV,CALSGHSGNTPLVF,5
NLVPMVATV,CALSGPNAGGTSYGKLTF,5
NLVPMVATV,CALSGPNSGYSTLTF,5
NLVPMVATV,CALSGSGGSNYKLTF,5
NLVPMVATV,CALSGSGGYNKLIF,5
NLVPMVATV,CALSGSGTYKYIF,5
NLVPMVATV,CALSGSKLIF,5
NLVPMVATV,CALSGTYKYIF,5
NLVPMVATV,CALSGYYGQNFVF,5
NLVPMVATV,CALSISSGSARQLTF,5
NLVPMVATV,CALSLFSGNTPLVF,5
NLVPMVATV,CALSLGGANSKLTF,5
NLVPMVATV,CALSNSGYALNF,5
NLVPMVATV,CALSPGTASKLTF,5
NLVPMVATV,CALSPYSYNTDKLIF,5
NLVPMVATV,CALSQGGGFKTIF,5
NLVPMVATV,CALSSSNTGNQFYF,5
NLVPMVATV,CALSYAGNNRKLIW,5
NLVPMVATV,CALSYNTDKLIF,5
NLVPMVATV,CALTFNTNAGKSTF,5
NLVPMVATV,CALTGAGSYQLTF,5
NLVPMVATV,CALTGTASKLTF,5
NLVPMVATV,CALTGTASKLTF,5
NLVPMVATV,CALTLPQTGANNLFF,5
NLVPMVATV,CALTPSNTGKLIF,5
NLVPMVATV,CALTSGGGADGLTF,5
NLVPMVATV,CALTYTGGFKTIF,5
NLVPMVATV,CALVDARLMF,5
NLVPMVATV,CALVRSNDYKLSF,5
NLVPMVATV,CALVTGNQFYF,5
NLVPMVATV,CALWGAGNMLTF,5
NLVPMVATV,CALWNNARLMF,5
NLVPMVATV,CALYGNKLVF,5
NLVPMVATV,CALYPGIQGAQKLVF,5
NLVPMVATV,CALYSFSGGYNKLIF,5
NLVPMVATV,CAMFSGGYNKLIF,5
NLVPMVATV,CAMGALDYKLSF,5
NLVPMVATV,CAMGESNQFYF,5
NLVPMVATV,CAMGLTGGGNKLTF,5
NLVPMVATV,CAMGSNYKLTF,5
NLVPMVATV,CAMGVTGGGNKLTF,5
NLVPMVATV,CAMGYIPTF,5
NLVPMVATV,CAMIGSGAGSYQLTF,5
NLVPMVATV,CAMKALSMDSSYKLIF,5
NLVPMVATV,CAMKGSARQLTF,5
NLVPMVATV,CAMKGWTGTALIF,5
NLVPMVATV,CAMKHNYGQNFVF,5
NLVPMVATV,CAMKVNSGGYQKVTF,5
NLVPMVATV,CAMLNSGGYQKVTF,5
NLVPMVATV,CAMMDTGRRALTF,5
NLVPMVATV,CAMMGGNTGKLIF,5
NLVPMVATV,CAMNNTDKLIF,5
NLVPMVATV,CAMNRDDKIIF,5
NLVPMVATV,CAMNTGFQKLVF,5
NLVPMVATV,CAMPLNDYKLSF,5
NLVPMVATV,CAMRALSMDSSYKLIF,5
NLVPMVATV,CAMRALTF,5
NLVPMVATV,CAMRAPLNFNKFYF,5
NLVPMVATV,CAMRAYAGGTSYGKLTF,5
NLVPMVATV,CAMRDDYGQNFVF,5
NLVPMVATV,CAMRDEGRDDKIIF,5
NLVPMVATV,CAMRDKVLSGGSNYKLTF,5
NLVPMVATV,CAMRDNPGGTSYGKLTF,5
NLVPMVATV,CAMRDSGTYKYIF,5
NLVPMVATV,CAMREANDNYGQNFVF,5
NLVPMVATV,CAMREFASGGSYIPTF,5
NLVPMVATV,CAMREFSNDYKLSF,5
NLVPMVATV,CAMREGEDSSYKLIF,5
NLVPMVATV,CAMREGGGSNYKLTF,5
NLVPMVATV,CAMREGGMDSSYKLIF,5
NLVPMVATV,CAMREGGRNSGYSTLTF,5
NLVPMVATV,CAMREGLFSGGYNKLIF,5
NLVPMVATV,CAMREGMNSGYSTLTF,5
NLVPMVATV,CAMREGNNTNAGKSTF,5
NLVPMVATV,CAMREGQDFGNEKLTF,5
NLVPMVATV,CAMREGQWGGSQGNLIF,5
NLVPMVATV,CAMREGRDDKIIF,5
NLVPMVATV,CAMREGRGTDKLIF,5
NLVPMVATV,CAMREGSGGSYIPTF,5
NLVPMVATV,CAMREGSSGNTGKLIF,5
NLVPMVATV,CAMREGVPDTPLVF,5
NLVPMVATV,CAMRELTNAGGTSYGKLTF,5
NLVPMVATV,CAMRENDTGGFKTIF,5
NLVPMVATV,CAMRERNYGQNFVF,5
NLVPMVATV,CAMRERVDGNEKLTF,5
NLVPMVATV,CAMRESANQAGTALIF,5
NLVPMVATV,CAMRESLGGGYQKVTF,5
NLVPMVATV,CAMREVLNRLAF,5
NLVPMVATV,CAMREVVGDSSYKLIF,5
NLVPMVATV,CAMREWDAGNMLTF,5
NLVPMVATV,CAMREYQAGTALIF,5
NLVPMVATV,CAMRGFLASGGSYIPTF,5
NLVPMVATV,CAMRGLLQGAQKLVF,5
NLVPMVATV,CAMRGNQAGTALIF,5
NLVPMVATV,CAMRGSNYKLTF,5
NLVPMVATV,CAMRGTLFGNEKLTF,5
NLVPMVATV,CAMRGWETSGSRLTF,5
NLVPMVATV,CAMRLTDSNYQLIW,5
NLVPMVATV,CAMRPGFGNEKLTF,5
NLVPMVATV,CAMRPTGGFKTIF,5
NLVPMVATV,CAMRPYNFNKFYF,5
NLVPMVATV,CAMRPYYGNNRLAF,5
NLVPMVATV,CAMRSSFSGGYNKLIF,5
NLVPMVATV,CAMRVLSGNTGKLIF,5
NLVPMVATV,CAMRVLTGRRALTF,5
NLVPMVATV,CAMRYDTGGFKTIF,5
NLVPMVATV,CAMSADSGGGADGLTF,5
NLVPMVATV,CAMSANFGNEKLTF,5
NLVPMVATV,CAMSANSNYQLIW,5
NLVPMVATV,CAMSAPGGSYIPTF,5
NLVPMVATV,CAMSAPGGYQKVTF,5
NLVPMVATV,CAMSAPNFGNEKLTF,5
NLVPMVATV,CAMSAQRDDKIIF,5
NLVPMVATV,CAMSAWTGTASKLTF,5
NLVPMVATV,CAMSAYAGGTSYGKLTF,5
NLVPMVATV,CAMSAYAGNMLTF,5
NLVPMVATV,CAMSAYGGGGADGLTF,5
NLVPMVATV,CAMSAYTGRRALTF,5
NLVPMVATV,CAMSDGYSSASKIIF,5
NLVPMVATV,CAMSDRGSTLGRLYF,5
NLVPMVATV,CAMSDSNTGKLIF,5
NLVPMVATV,CAMSDTNTGNQFYF,5
NLVPMVATV,CAMSDYKLSF,5
NLVPMVATV,CAMSEDNNARLMF,5
NLVPMVATV,CAMSEGDDKIIF,5
NLVPMVATV,CAMSGADTGFQKLVF,5
NLVPMVATV,CAMSGDNQGGKLIF,5
NLVPMVATV,CAMSGGGADGLTF,5
NLVPMVATV,CAMSGSARQLTF,5
NLVPMVATV,CAMSHQTGANNLFF,5
NLVPMVATV,CAMSIGGSNYKLTF,5
NLVPMVATV,CAMSLDYGQNFVF,5
NLVPMVATV,CAMSLSNFGNEKLTF,5
NLVPMVATV,CAMSPAWHSTLTF,5
NLVPMVATV,CAMSPGRDSNYQLIW,5
NLVPMVATV,CAMSPPTGANSKLTF,5
NLVPMVATV,CAMSPYNQAGTALIF,5
NLVPMVATV,CAMSTAAYKYIF,5
NLVPMVATV,CAMSTEDSSYKLIF,5
NLVPMVATV,CAMSTGGFKTIF,5
NLVPMVATV,CAMSTGGGNKLTF,5
NLVPMVATV,CAMSTTNAGKSTF,5
NLVPMVATV,CAMSVDNAGNMLTF,5
NLVPMVATV,CAMSVEEYGNKLVF,5
NLVPMVATV,CAMSVIYNNNDMRF,5
NLVPMVATV,CAMSVSNSGYALNF,5
NLVPMVATV,CAMSVVDSSYKLIF,5
NLVPMVATV,CAMSVVNSGYALNF,5
NLVPMVATV,CAMSYNAGNNRKLIW,5
NLVPMVATV,CAMSYNQGGKLIF,5
NLVPMVATV,CAMTASGTYKYIF,5
NLVPMVATV,CAMTQRDFGNEKLTF,5
NLVPMVATV,CAMTRNARLMF,5
NLVPMVATV,CANAGNMLTF,5
NLVPMVATV,CANFNGGNQFYF,5
NLVPMVATV,CAPAGGNNARLMF,5
NLVPMVATV,CAPARETGGGADGLTF,5
NLVPMVATV,CAPCGYGDATNKLIF,5
NLVPMVATV,CAPCGYGGATNKLIF,5
NLVPMVATV,CAPCSNDYKLSF,5
NLVPMVATV,CAPDNYGQNFVF,5
NLVPMVATV,CAPDSNYQLIW,5
NLVPMVATV,CAPDTGANSKLTF,5
NLVPMVATV,CAPFSGTYKYIF,5
NLVPMVATV,CAPGAGSYQLTF,5
NLVPMVATV,CAPGDARLMF,5
NLVPMVATV,CAPHNNAGNMLTF,5
NLVPMVATV,CAPHNNFGNEKLTF,5
NLVPMVATV,CAPHQEGNAGNMLTF,5
NLVPMVATV,CAPIQTGANNLFF,5
NLVPMVATV,CAPLAGNQFYF,5
NLVPMVATV,CAPLQDSNYQLIW,5
NLVPMVATV,CAPLTYGNNRLAF,5
NLVPMVATV,CAPNAGNNRKLIW,5
NLVPMVATV,CAPPGDRGSTLGRLYF,5
NLVPMVATV,CAPPISGTYKYIF,5
NLVPMVATV,CAPPPFYNQGGKLIF,5
NLVPMVATV,CAPQGDSNYQLIW,5
NLVPMVATV,CAPQGDTGRRALTF,5
NLVPMVATV,CAPQGLDGTASKLTF,5
NLVPMVATV,CAPQTGGFKTIF,5
NLVPMVATV,CAPRGDNYGQNFVF,5
NLVPMVATV,CAPRGGNDYKLSF,5
NLVPMVATV,CAPRIQRNNNARLMF,5
NLVPMVATV,CAPRLSSGSARQLTF,5
NLVPMVATV,CAPSFYSGGGADGLTF,5
NLVPMVATV,CAPSGNTGKLIF,5
NLVPMVATV,CAPSNSNSGYALNF,5
NLVPMVATV,CAPSRGYQKVTF,5
NLVPMVATV,CAPTRGGYTGRRALTF,5
NLVPMVATV,CAPTSYNTDKLIF,5
NLVPMVATV,CAPYNNDMRF,5
NLVPMVATV,CAQASGGSYIPTF,5
NLVPMVATV,CAQEGAGNNRKLIW,5
NLVPMVATV,CAQNRDDKIIF,5
NLVPMVATV,CAQWDNYGQNFVF,5
NLVPMVATV,CARATYDKIIF,5
NLVPMVATV,CARFNNAGNMLTF,5
NLVPMVATV,CARGFQKLVF,5
NLVPMVATV,CARGSGGGADGLTF,5
NLVPMVATV,CARGVGNTGKLIF,5
NLVPMVATV,CARISGAGSYQLTF,5
NLVPMVATV,CARNTGKLIF,5
NLVPMVATV,CARNTGNQFYF,5
NLVPMVATV,CARNTGNQFYF,5
NLVPMVATV,CARQGAQKLVF,5
NLVPMVATV,CARRGSTLGRLYF,5
NLVPMVATV,CARSRGYSTLTF,5
NLVPMVATV,CARTAGGYQKVTF,5
NLVPMVATV,CARTNQAGTALIF,5
NLVPMVATV,CASALNNAGNMLTF,5
NLVPMVATV,CASEGYGQNFVF,5
NLVPMVATV,CASFLQGAQKLVF,5
NLVPMVATV,CASFQGGSEKLVF,5
NLVPMVATV,CASFSGAQKLVF,5
NLVPMVATV,CASGEGNKLVF,5
NLVPMVATV,CASGGSYIPTF,5
NLVPMVATV,CASGNNAGLMF,5
NLVPMVATV,CASGNNARLMF,5
NLVPMVATV,CASGSQGNLIF,4
NLVPMVATV,CASGSSNTGKLIF,5
NLVPMVATV,CASGTGNQFYF,5
NLVPMVATV,CASKSGYSTLTF,5
NLVPMVATV,CASLGRGSTLGRLYF,5
NLVPMVATV,CASMNYGGSQGNLIF,5
NLVPMVATV,CASNAGGTSYGKLTF,5
NLVPMVATV,CASNTDKLIF,5
NLVPMVATV,CASNTGNQFYF,4
NLVPMVATV,CASNTGNQFYF,5
NLVPMVATV,CASPDSNYQLIW,5
NLVPMVATV,CASPKGGSYIPTF,5
NLVPMVATV,CASPLDSSYKLIF,5
NLVPMVATV,CASPMDSNYKLIF,5
NLVPMVATV,CASPMDSSYKLIF,5
NLVPMVATV,CASPNSGGYQKVTF,5
NLVPMVATV,CASPRPQTGANNLFF,5
NLVPMVATV,CASPTGNQFYF,4
NLVPMVATV,CASPTYNNNDMRF,5
NLVPMVATV,CASQGAGNMLTF,5
NLVPMVATV,CASQGYGQNFVF,5
NLVPMVATV,CASRGGGGADGLTF,5
NLVPMVATV,CASSGGYQKVTF,5
NLVPMVATV,CASSIGPEGGSYIPTF,5
NLVPMVATV,CASSNAGGTSYGKLTF,5
NLVPMVATV,CASSTTSGTYKYIF,5
NLVPMVATV,CASTMDSSYKLIF,5
NLVPMVATV,CASTNSNSGYALNF,5
NLVPMVATV,CASTSNTSKLIF,5
NLVPMVATV,CASYAGNNRKLIW,5
NLVPMVATV,CASYNDYKLSF,5
NLVPMVATV,CASYNFNKFYF,5
NLVPMVATV,CASYSSASKIIF,5
NLVPMVATV,CASYTNAGKSTF,5
NLVPMVATV,CASYYGGATNKLIF,5
NLVPMVATV,CATAALGSSNTGKLIF,5
NLVPMVATV,CATADRGSTLGRLYF,5
NLVPMVATV,CATALNTGFQKLVF,5
NLVPMVATV,CATAPSRGSTLGRLYF,5
NLVPMVATV,CATASSNSGYALNF,5
NLVPMVATV,CATAVYSGGGADGLTF,5
NLVPMVATV,CATAYVDSSYKLIF,5
NLVPMVATV,CATDAAGNQFYF,5
NLVPMVATV,CATDAALNDYKLSF,5
NLVPMVATV,CATDAAQGGSEKLVF,5
NLVPMVATV,CATDAAVGETSGSRLTF,5
NLVPMVATV,CATDADRGSTLGRLYF,5
NLVPMVATV,CATDADSGYSTLTF,5
NLVPMVATV,CATDAEGYSTLTF,5
NLVPMVATV,CATDAGAGTALIF,5
NLVPMVATV,CATDAMGRGSTLGRLYF,5
NLVPMVATV,CATDARLGGSEKLVF,5
NLVPMVATV,CATDARSGNTPLVF,5
NLVPMVATV,CATDATGGSYIPTF,5
NLVPMVATV,CATDAWETSGSRLTF,5
NLVPMVATV,CATDAYTNQAGTALIF,5
NLVPMVATV,CATDDMDFGNEKLTF,5
NLVPMVATV,CATDEREYGNKLVF,5
NLVPMVATV,CATDESGSRLTF,5
NLVPMVATV,CATDESSDYKLSF,5
NLVPMVATV,CATDETGANNLFF,5
NLVPMVATV,CATDEVDNQGGKLIF,5
NLVPMVATV,CATDFNARLMF,5
NLVPMVATV,CATDGNTGKLIF,5
NLVPMVATV,CATDKGNRDDKIIF,5
NLVPMVATV,CATDKNRGSTLGRLYF,5
NLVPMVATV,CATDNFNKFYF,5
NLVPMVATV,CATDNGNKLVF,5
NLVPMVATV,CATDPDSNYQLIW,5
NLVPMVATV,CATDRAQTGANNLFF,5
NLVPMVATV,CATDRDDYKLSF,5
NLVPMVATV,CATDRMNSGYSTLTF,5
NLVPMVATV,CATDRNDYKLSF,5
NLVPMVATV,CATDSFPTTSGTYKYIF,5
NLVPMVATV,CATDSNAGNNRKLIW,5
NLVPMVATV,CATDSSGYSTLTF,5
NLVPMVATV,CATDSVHKLSF,5
NLVPMVATV,CATDVAGGSYIPTF,5
NLVPMVATV,CATDVGNTGKLIF,5
NLVPMVATV,CATDVWGDNYGQNFVF,5
NLVPMVATV,CATDYDRGSTLGRLYF,5
NLVPMVATV,CATEDDKIIF,5
NLVPMVATV,CATGAGGSYIPTF,5
NLVPMVATV,CATGANSKLTF,5
NLVPMVATV,CATGGGKLIF,5
NLVPMVATV,CATGLSNFGNEKLTF,5
NLVPMVATV,CATGSEDMRF,5
NLVPMVATV,CATGSNYQLIW,5
NLVPMVATV,CATGSTNTGNQFYF,5
NLVPMVATV,CATGTGANNLFF,5
NLVPMVATV,CATIRTGNQFYF,5
NLVPMVATV,CATKNTGNQFYF,5
NLVPMVATV,CATMAGGSYIPTF,5
NLVPMVATV,CATMDSNYQLIW,5
NLVPMVATV,CATNPLDTGRRALTF,5
NLVPMVATV,CATPGGSYIPTF,5
NLVPMVATV,CATPLNRETSGSRLTF,5
NLVPMVATV,CATPNGGGSTLGRLYF,5
NLVPMVATV,CATPPFSGGYNKLIF,5
NLVPMVATV,CATSRGNQFYF,5
NLVPMVATV,CATSSGGYNKLIF,5
NLVPMVATV,CATSTGANNLFF,5
NLVPMVATV,CATTDTTSGTYKYIF,5
NLVPMVATV,CATVDNYGQNFVF,5
NLVPMVATV,CATVDTGRRALTF,5
NLVPMVATV,CATVFDKIIF,5
NLVPMVATV,CATVGAGNMLTF,5
NLVPMVATV,CATVNSGYSTLTF,5
NLVPMVATV,CATVPMDSSYKLIF,5
NLVPMVATV,CATVTNAGKSTF,5
NLVPMVATV,CATYLTGNQFYF,4
NLVPMVATV,CAVAANNNARLMF,5
NLVPMVATV,CAVADSGGGADGLTF,5
NLVPMVATV,CAVAFGNQFYF,5
NLVPMVATV,CAVAGDSSYKLIF,5
NLVPMVATV,CAVAGQAGTALIF,5
NLVPMVATV,CAVAPGQNFVF,5
NLVPMVATV,CAVAPMMDSSYKLIF,5
NLVPMVATV,CAVAPYSGGSNYKLTF,5
NLVPMVATV,CAVARNSGNTPLVF,5
NLVPMVATV,CAVASDYKLSF,5
NLVPMVATV,CAVASGYSTLTF,5
NLVPMVATV,CAVATYYGGSQGNLIF,5
NLVPMVATV,CAVAVGGGNKLTF,5
NLVPMVATV,CAVAVGNQFYF,5
NLVPMVATV,CAVAWYSSASKIIF,5
NLVPMVATV,CAVCMNRDDKIIF,5
NLVPMVATV,CAVCNFNKFYF,4
NLVPMVATV,CAVDDNNAGNMLTF,5
NLVPMVATV,CAVDDSANDYKLSF,5
NLVPMVATV,CAVDDSNYQLIW,5
NLVPMVATV,CAVDEETSGSRLTF,5
NLVPMVATV,CAVDEGGGADGLTF,5
NLVPMVATV,CAVDIETSGSRLTF,5
NLVPMVATV,CAVDIMDSNYQLIW,5
NLVPMVATV,CAVDKDNTDKLIF,5
NLVPMVATV,CAVDMDSTRDDKIIF,5
NLVPMVATV,CAVDMPGSDSNYQLIW,5
NLVPMVATV,CAVDMRF,5
NLVPMVATV,CAVDMWPYNYQLIW,5
NLVPMVATV,CAVDNFGNEKLTF,5
NLVPMVATV,CAVDNTNAGKSTF,5
NLVPMVATV,CAVDNYGQNFVF,5
NLVPMVATV,CAVDPIKAAGNKLTF,5
NLVPMVATV,CAVDPPFSGGYNKLIF,5
NLVPMVATV,CAVDQTGNQFYF,5
NLVPMVATV,CAVDRDDKIIF,5
NLVPMVATV,CAVDRGSTLGRLYF,5
NLVPMVATV,CAVDRTTSGTYKYIF,5
NLVPMVATV,CAVDSAGEYGNKLVF,5
NLVPMVATV,CAVDSGNKLVF,5
NLVPMVATV,CAVDTGRGALTF,5
NLVPMVATV,CAVDTGRRALTF,5
NLVPMVATV,CAVDVETSGSRLTF,5
NLVPMVATV,CAVEAGTGANNLFF,5
NLVPMVATV,CAVEALWDDKIIF,5
NLVPMVATV,CAVEAPGGGTSYGKLTF,5
NLVPMVATV,CAVEASGAGNNRKLIW,5
NLVPMVATV,CAVEDAGKSTF,5
NLVPMVATV,CAVEDYNQGGKLIF,5
NLVPMVATV,CAVEGDTGGGNKLTF,5
NLVPMVATV,CAVEGTGNQFYF,5
NLVPMVATV,CAVEHQTGANNLFF,5
NLVPMVATV,CAVELDTGTASKLTF,5
NLVPMVATV,CAVELIWGGNTGKLIF,5
NLVPMVATV,CAVENWVTGGGNKLTF,5
NLVPMVATV,CAVENYGQNFVF,5
NLVPMVATV,CAVERGTGGFKTIF,5
NLVPMVATV,CAVERLGSNYKLTF,5
NLVPMVATV,CAVERLTGGGNKLTF,5
NLVPMVATV,CAVEYGNKLVF,5
NLVPMVATV,CAVEYGNKLVF,5
NLVPMVATV,CAVEYQAGTALIF,5
NLVPMVATV,CAVEYRNKLVF,5
NLVPMVATV,CAVEYSGAGSYQLTF,5
NLVPMVATV,CAVFHSGGGADGLTF,5
NLVPMVATV,CAVFLFTSVDNDMRF,5
NLVPMVATV,CAVFRDDKIIF,5
NLVPMVATV,CAVFSGRRALTF,5
NLVPMVATV,CAVFTGANSKLTF,5
NLVPMVATV,CAVFYGGSQGNLIF,5
NLVPMVATV,CAVGAAGNKLTF,5
NLVPMVATV,CAVGADDYKLSF,5
NLVPMVATV,CAVGADGGATNKLIF,5
NLVPMVATV,CAVGAEIGNEKLTF,5
NLVPMVATV,CAVGAFMEYGNKLVF,5
NLVPMVATV,CAVGAFNGNKLVF,5
NLVPMVATV,CAVGAGTGTASKLTF,5
NLVPMVATV,CAVGANSGYSTLTF,5
NLVPMVATV,CAVGAQTGRRALTF,5
NLVPMVATV,CAVGAREDSSYKLIF,5
NLVPMVATV,CAVGAREGNKLVF,5
NLVPMVATV,CAVGATTSGTYKYIF,5
NLVPMVATV,CAVGDDPGGFKTIF,5
NLVPMVATV,CAVGDMNYGGSQGNLIF,5
NLVPMVATV,CAVGDRSDMRF,5
NLVPMVATV,CAVGEGTSYGKLTF,5
NLVPMVATV,CAVGESNQFYF,5
NLVPMVATV,CAVGFTSGTYKYIF,5
NLVPMVATV,CAVGGFKTIF,5
NLVPMVATV,CAVGGGADGLTF,5
NLVPMVATV,CAVGGGSNYKLTF,5
NLVPMVATV,CAVGGVTGGGNKLTF,5
NLVPMVATV,CAVGHNTDKLIF,5
NLVPMVATV,CAVGLDYGGSQGNLIF,5
NLVPMVATV,CAVGMDSSYKLIF,5
NLVPMVATV,CAVGPGYSSASKIIF,5
NLVPMVATV,CAVGPHNRDDKIIF,5
NLVPMVATV,CAVGPLRRYSTLTF,5
NLVPMVATV,CAVGPLYNAGNNRKLIW,5
NLVPMVATV,CAVGPNDYKLSF,5
NLVPMVATV,CAVGPYNNARLMF,5
NLVPMVATV,CAVGQDFVF,5
NLVPMVATV,CAVGQGAQKLVF,5
NLVPMVATV,CAVGQGSTGNQFYF,5
NLVPMVATV,CAVGQNFVF,5
NLVPMVATV,CAVGRLNNNARLMF,5
NLVPMVATV,CAVGSETGANNLFF,5
NLVPMVATV,CAVGSNDYKLSF,5
NLVPMVATV,CAVGSNFGNEKLTF,5
NLVPMVATV,CAVGSNSGYALNF,5
NLVPMVATV,CAVGSSYKLIF,5
NLVPMVATV,CAVGSYNAGNMLTF,5
NLVPMVATV,CAVGTNQAGTALIF,5
NLVPMVATV,CAVGTSGTYKYIF,5
NLVPMVATV,CAVGTTSGTYKYIF,5
NLVPMVATV,CAVGWGNNDMRF,5
NLVPMVATV,CAVGYAGGTSYGKLTF,5
NLVPMVATV,CAVGYARLMF,5
NLVPMVATV,CAVGYGSGYSTLTF,5
NLVPMVATV,CAVGYSGYSTLTF,5
NLVPMVATV,CAVHDDKLIF,5
NLVPMVATV,CAVHPFSGGYNKLIF,5
NLVPMVATV,CAVHSGNTPLVF,5
NLVPMVATV,CAVHSSNTGKLIF,5
NLVPMVATV,CAVHTNAGKSTF,5
NLVPMVATV,CAVHTPYGQNFVF,5
NLVPMVATV,CAVIAGGTSYGKLTF,5
NLVPMVATV,CAVIFQAGNNRKLIW,5
NLVPMVATV,CAVIGVNNFNKFYF,5
NLVPMVATV,CAVIIISNFGNEKLTF,5
NLVPMVATV,CAVIKAAGNKLTF,5
NLVPMVATV,CAVILHGSSNTGKLIF,5
NLVPMVATV,CAVILNDMRF,5
NLVPMVATV,CAVILSGSARQLTF,5
NLVPMVATV,CAVINSGYSTLTF,5
NLVPMVATV,CAVINYGQNFVF,5
NLVPMVATV,CAVIPAGNKLTF,5
NLVPMVATV,CAVIPGNTGKLIF,5
NLVPMVATV,CAVIPMDSSYKLIF,5
NLVPMVATV,CAVIPMDSSYKLIF,5
NLVPMVATV,CAVISDRGSTLGRLYF,5
NLVPMVATV,CAVISGGYQKVTF,5
NLVPMVATV,CAVISNNDMRF,5
NLVPMVATV,CAVIVNSGYALNF,5
NLVPMVATV,CAVKDDKIIF,5
NLVPMVATV,CAVKDGATNKLIF,5
NLVPMVATV,CAVKEGGSYIPTF,5
NLVPMVATV,CAVKETSGSRLTF,5
NLVPMVATV,CAVKETSGSRLTF,5
NLVPMVATV,CAVKGGSYIPTF,5
NLVPMVATV,CAVKGLDSGAGSYQLTF,5
NLVPMVATV,CAVKGNNARLMF,5
NLVPMVATV,CAVKGSGYALNF,5
NLVPMVATV,CAVKGTDKLIF,5
NLVPMVATV,CAVKKAAGNKLTF,5
NLVPMVATV,CAVKNGGYQKVTF,5
NLVPMVATV,CAVKNSNYQLIW,5
NLVPMVATV,CAVKQGFGNEKLTF,5
NLVPMVATV,CAVKRGFQKLVF,5
NLVPMVATV,CAVKRLSLTF,5
NLVPMVATV,CAVKSKAAGNKLTF,5
NLVPMVATV,CAVKSQTGANNLFF,5
NLVPMVATV,CAVKSSNQGGKLIF,5
NLVPMVATV,CAVKTDSNYQLIW,5
NLVPMVATV,CAVKWEDSSYKLIF,5
NLVPMVATV,CAVLAGGGNKLTF,5
NLVPMVATV,CAVLAGGSYIPTF,5
NLVPMVATV,CAVLDNYGQNFVF,5
NLVPMVATV,CAVLETQGGKLIF,5
NLVPMVATV,CAVLGGANNLFF,5
NLVPMVATV,CAVLGGSQGNLIF,5
NLVPMVATV,CAVLGGSQGNLIF,5
NLVPMVATV,CAVLIYNQGGKLIF,5
NLVPMVATV,CAVLIYNTDKLIF,5
NLVPMVATV,CAVLLMF,5
NLVPMVATV,CAVLMDSSYKLIF,5
NLVPMVATV,CAVLNQGGKLIF,5
NLVPMVATV,CAVLNYGQNFVF,5
NLVPMVATV,CAVLPGAGGTSYGKLTF,5
NLVPMVATV,CAVLPISSGSARQLTF,5
NLVPMVATV,CAVLPNDYKLSF,5
NLVPMVATV,CAVLQTGANSKLTF,5
NLVPMVATV,CAVLRSPSGTYKYIF,5
NLVPMVATV,CAVLSGGGADGLTF,5
NLVPMVATV,CAVLSLSGSARQLTF,5
NLVPMVATV,CAVLTGTASKLTF,5
NLVPMVATV,CAVLTSGTYKYIF,5
NLVPMVATV,CAVLYNFNKFYF,5
NLVPMVATV,CAVMGMDSSYKLIF,5
NLVPMVATV,CAVMGMDSSYKLIF,5
NLVPMVATV,CAVNAGGSYIPTF,5
NLVPMVATV,CAVNAGGTSYGKLTF,5
NLVPMVATV,CAVNAGGYQKVTF,5
NLVPMVATV,CAVNALGSGYALNF,5
NLVPMVATV,CAVNALYFNRGSTLGRLYF,5
NLVPMVATV,CAVNAPSNYQLIW,5
NLVPMVATV,CAVNARPARQLTF,5
NLVPMVATV,CAVNEDSSYKLIF,5
NLVPMVATV,CAVNEGASSGGYQKVTF,5
NLVPMVATV,CAVNEVEGNKLVF,5
NLVPMVATV,CAVNFGNMLTF,5
NLVPMVATV,CAVNGDSNYQLIW,5
NLVPMVATV,CAVNGGSSASKIIF,5
NLVPMVATV,CAVNHRGSTLGRLYF,5
NLVPMVATV,CAVNIGTGFQKLVF,5
NLVPMVATV,CAVNLEYGNKLVF,5
NLVPMVATV,CAVNLGAAGNKLTF,5
NLVPMVATV,CAVNLNSGGSNYKLTF,5
NLVPMVATV,CAVNMATGRRALTF,5
NLVPMVATV,CAVNMGRGSTLGRLYF,5
NLVPMVATV,CAVNMVTGGGNKLTF,5
NLVPMVATV,CAVNNAGNMLTF,5
NLVPMVATV,CAVNNNARLMF,5
NLVPMVATV,CAVNNYGGATNKLIF,5
NLVPMVATV,CAVNPDNTDKLIF,5
NLVPMVATV,CAVNPMNRDDKIIF,5
NLVPMVATV,CAVNPTGNQFYF,5
NLVPMVATV,CAVNPYFGNEKLTF,5
NLVPMVATV,CAVNQAGTALIF,5
NLVPMVATV,CAVNRGGKSTF,5
NLVPMVATV,CAVNRGRPSGSARQLTF,5
NLVPMVATV,CAVNRGYGQNFVF,5
NLVPMVATV,CAVNSDTGRRALTF,5
NLVPMVATV,CAVNSGGYNKLIF,5
NLVPMVATV,CAVNSGYALNF,5
NLVPMVATV,CAVNSGYGQNFVF,5
NLVPMVATV,CAVNSNDYKLSF,5
NLVPMVATV,CAVNSYGNKLVF,5
NLVPMVATV,CAVNTGFQKLVF,5
NLVPMVATV,CAVNTGNQFYF,5
NLVPMVATV,CAVNVPNFGNEKLTF,5
NLVPMVATV,CAVNYGGSQGNLIF,5
NLVPMVATV,CAVPASGGSYIPTF,5
NLVPMVATV,CAVPDDYKLSF,5
NLVPMVATV,CAVPDLYNQGGKLIF,5
NLVPMVATV,CAVPDNYGQNFVF,5
NLVPMVATV,CAVPGDSSYKLIF,5
NLVPMVATV,CAVPGFQKLVF,5
NLVPMVATV,CAVPGGGADGLTF,5
NLVPMVATV,CAVPGTSGSARQLTF,5
NLVPMVATV,CAVPGTYKYIF,5
NLVPMVATV,CAVPHGGATNKLIF,5
NLVPMVATV,CAVPKNRDDKIIF,5
NLVPMVATV,CAVPKSGGSYIPTF,5
NLVPMVATV,CAVPNNARLMF,5
NLVPMVATV,CAVPNQAGTALIF,5
NLVPMVATV,CAVPNQAGTALIF,5
NLVPMVATV,CAVPNTGKLIF,5
NLVPMVATV,CAVPPSGGGADGLTF,5
NLVPMVATV,CAVPQTGANNLFF,5
NLVPMVATV,CAVPRSNDYKLSF,5
NLVPMVATV,CAVPSGGYNKLIF,5
NLVPMVATV,CAVPSGGYNKLIF,5
NLVPMVATV,CAVPTGNQFYF,5
NLVPMVATV,CAVPWGAAGNKLTF,5
NLVPMVATV,CAVQADSGGYQKVTF,5
NLVPMVATV,CAVQADSNSGYALNF,5
NLVPMVATV,CAVQAGGSQGNLIF,5
NLVPMVATV,CAVQAGNSGGYQKVTF,5
NLVPMVATV,CAVQAIAAGNKLTF,5
NLVPMVATV,CAVQAIAGNMLTF,5
NLVPMVATV,CAVQALSNSGYALNF,5
NLVPMVATV,CAVQALSSGSARQLTF,5
NLVPMVATV,CAVQALTSYNNAGNMLTF,5
NLVPMVATV,CAVQAPSETSGSRLTF,5
NLVPMVATV,CAVQAQGSNDYKLSF,5
NLVPMVATV,CAVQARAAGNKLTF,5
NLVPMVATV,CAVQARDSNSGYALNF,5
NLVPMVATV,CAVQARIPGTYKYIF,5
NLVPMVATV,CAVQASGATNKLIF,5
NLVPMVATV,CAVQASIRQNFVF,5
NLVPMVATV,CAVQASRAAGNKLTF,5
NLVPMVATV,CAVQATGNQFYF,5
NLVPMVATV,CAVQAVPDKLIF,5
NLVPMVATV,CAVQAWLTGGGNKLTF,5
NLVPMVATV,CAVQAWTSGSARQLTF,5
NLVPMVATV,CAVQDNAGNNRKLIW,5
NLVPMVATV,CAVQDNQGGKLIF,5
NLVPMVATV,CAVQDYQAGTALIF,5
NLVPMVATV,CAVQENTGFQKLVF,5
NLVPMVATV,CAVQERDNAGNMLTF,5
NLVPMVATV,CAVQGFKTIF,5
NLVPMVATV,CAVQGGGGKLIF,5
NLVPMVATV,CAVQGGNMLTF,5
NLVPMVATV,CAVQGNFNKFYF,5
NLVPMVATV,CAVQGNTGFQKLVF,5
NLVPMVATV,CAVQHRRALTF,5
NLVPMVATV,CAVQPENNARLMF,5
NLVPMVATV,CAVQPNSGGSNYKLTF,5
NLVPMVATV,CAVQPTDDQTGANNLFF,5
NLVPMVATV,CAVQQGGSYIPTF,5
NLVPMVATV,CAVQSHNTDKLIF,5
NLVPMVATV,CAVQSRGADGLTF,5
NLVPMVATV,CAVQTGANNLFF,5
NLVPMVATV,CAVQTLYGGATNKLIF,5
NLVPMVATV,CAVQVPPLFGGYQKVTF,5
NLVPMVATV,CAVRAFYNQGGKLIF,5
NLVPMVATV,CAVRAPSGGSYIPTF,5
NLVPMVATV,CAVRAQETSGSRLTF,5
NLVPMVATV,CAVRARDSSYKLIF,5
NLVPMVATV,CAVRDAGGSYIPTF,5
NLVPMVATV,CAVRDANSGNTPLVF,5
NLVPMVATV,CAVRDARTGYSTLTF,5
NLVPMVATV,CAVRDDKIIF,5
NLVPMVATV,CAVRDERNRLAF,5
NLVPMVATV,CAVRDETSGSRLTF,5
NLVPMVATV,CAVRDFTGGGNKLTF,5
NLVPMVATV,CAVRDGDSNYQLIW,5
NLVPMVATV,CAVRDGDYKLSF,5
NLVPMVATV,CAVRDGNNRLAF,5
NLVPMVATV,CAVRDGSTGGFKTIF,5
NLVPMVATV,CAVRDIEGSYIPTF,5
NLVPMVATV,CAVRDIIARLMF,5
NLVPMVATV,CAVRDIQGGKLIF,5
NLVPMVATV,CAVRDISARLMF,5
NLVPMVATV,CAVRDISGTGGFKTIF,5
NLVPMVATV,CAVRDISTRLMF,5
NLVPMVATV,CAVRDITGRRALTF,5
NLVPMVATV,CAVRDKGGSYIPTF,5
NLVPMVATV,CAVRDLDDYKLSF,5
NLVPMVATV,CAVRDLGAPRDDKIIF,5
NLVPMVATV,CAVRDLNQAGTALIF,5
NLVPMVATV,CAVRDLSNDYKLSF,5
NLVPMVATV,CAVRDMGYNNNDMRF,5
NLVPMVATV,CAVRDMMAAGNKLTF,5
NLVPMVATV,CAVRDNEYGQNFVF,5
NLVPMVATV,CAVRDNNARLMF,5
NLVPMVATV,CAVRDNTDKLIF,5
NLVPMVATV,CAVRDNYGQNFVF,5
NLVPMVATV,CAVRDPKGNNRLAF,5
NLVPMVATV,CAVRDPNNAGNMLTF,5
NLVPMVATV,CAVRDPSGTYKYIF,5
NLVPMVATV,CAVRDQDDKIIF,5
NLVPMVATV,CAVRDQDYQLIW,5
NLVPMVATV,CAVRDRDFNKFYF,5
NLVPMVATV,CAVRDRDSNYQLIW,5
NLVPMVATV,CAVRDRDYKLSF,5
NLVPMVATV,CAVRDRGSTLGRLYF,5
NLVPMVATV,CAVRDRNNAGNMLTF,5
NLVPMVATV,CAVRDRQNSGYALNF,5
NLVPMVATV,CAVRDSAGSNYQLIW,5
NLVPMVATV,CAVRDSNYQLIW,5
NLVPMVATV,CAVRDSRDNYGQNFVF,5
NLVPMVATV,CAVRDTDYKLSF,5
NLVPMVATV,CAVRDTNARLMF,5
NLVPMVATV,CAVRDTSASGTYKYIF,5
NLVPMVATV,CAVRDVGDSNYQLIW,5
NLVPMVATV,CAVRDWAMFSGGYNKLIF,5
NLVPMVATV,CAVRDWHSNYQLIW,5
NLVPMVATV,CAVRDYGGSQGNLIF,5
NLVPMVATV,CAVRDYGGSQGNLIF,5
NLVPMVATV,CAVRDYKLSF,5
NLVPMVATV,CAVRDYNNNDMRF,5
NLVPMVATV,CAVREAGGGNKLTF,5
NLVPMVATV,CAVREALDSNYQLIW,5
NLVPMVATV,CAVREGFKTIF,5
NLVPMVATV,CAVREGRRGSYIPTF,5
NLVPMVATV,CAVRELNTGFQKLVF,5
NLVPMVATV,CAVRENDYKLSF,5
NLVPMVATV,CAVRERGDGANNLFF,5
NLVPMVATV,CAVRESYQLIW,5
NLVPMVATV,CAVRFGNEKLTF,5
NLVPMVATV,CAVRFRSNDYKLSF,5
NLVPMVATV,CAVRFYGGATNKLIF,5
NLVPMVATV,CAVRGAGNNRKLIW,5
NLVPMVATV,CAVRGDGGATNKLIF,5
NLVPMVATV,CAVRGFQKLVF,5
NLVPMVATV,CAVRGGATNKLIF,5
NLVPMVATV,CAVRGGGTSYGKLTF,5
NLVPMVATV,CAVRGHNQGGKLIF,5
NLVPMVATV,CAVRGMDSSYKLIF,5
NLVPMVATV,CAVRGNNNAGNMLTF,5
NLVPMVATV,CAVRGSGGGADGLTF,5
NLVPMVATV,CAVRGSGGSYIPTF,5
NLVPMVATV,CAVRGSRDDKIIF,5
NLVPMVATV,CAVRGSYIPTF,5
NLVPMVATV,CAVRGTGGFKTIF,5
NLVPMVATV,CAVRGVSNSGYALNF,5
NLVPMVATV,CAVRGYNFNKFYF,5
NLVPMVATV,CAVRGYNNDMRF,5
NLVPMVATV,CAVRHPGNNRKLIW,5
NLVPMVATV,CAVRHRSLGETSGSRLTF,5
NLVPMVATV,CAVRISGGYQKVTF,5
NLVPMVATV,CAVRLDDRGSTLGRLYF,5
NLVPMVATV,CAVRLEGGGADGLTF,5
NLVPMVATV,CAVRLENARLMF,5
NLVPMVATV,CAVRLLSSGGSYIPTF,5
NLVPMVATV,CAVRLNNAGNMLTF,5
NLVPMVATV,CAVRMIKAAGNKLTF,5
NLVPMVATV,CAVRNISARLMF,5
NLVPMVATV,CAVRNNAGNNRKLIW,5
NLVPMVATV,CAVRNPLRQAGTALIF,5
NLVPMVATV,CAVRNWENAGNMLTF,5
NLVPMVATV,CAVRPAGDSSYKLIF,5
NLVPMVATV,CAVRPANAGNMLTF,5
NLVPMVATV,CAVRPDAGGTSYGKLTF,5
NLVPMVATV,CAVRPGNAGNMLTF,5
NLVPMVATV,CAVRPGNTGKLIF,5
NLVPMVATV,CAVRPILTGGGNKLTF,5
NLVPMVATV,CAVRPILTGGGNKLTF,5
NLVPMVATV,CAVRPIYSNSGYALNF,5
NLVPMVATV,CAVRPLADRGSYIPTF,5
NLVPMVATV,CAVRPLSGGYNKLIF,5
NLVPMVATV,CAVRPLSNNNDMRF,5
NLVPMVATV,CAVRPNNAGNMLTF,5
NLVPMVATV,CAVRPPYMDSNYQLIW,5
NLVPMVATV,CAVRPRRDAGNMLTF,5
NLVPMVATV,CAVRPSGAGSYQLTF,5
NLVPMVATV,CAVRPSNAGKSTF,5
NLVPMVATV,CAVRPSQGTNAGKSTF,5
NLVPMVATV,CAVRPWDDKIIF,5
NLVPMVATV,CAVRPYNAGGTSYGKLTF,5
NLVPMVATV,CAVRQGLDFGNEKLTF,5
NLVPMVATV,CAVRQYSSASKIIF,5
NLVPMVATV,CAVRRDQTGANNLFF,5
NLVPMVATV,CAVRRGGFQKLVF,5
NLVPMVATV,CAVRRYDDKIIF,5
NLVPMVATV,CAVRSGKGGTASKLTF,5
NLVPMVATV,CAVRSHNAGNMLTF,5
NLVPMVATV,CAVRSNAGGTSYGKLTF,5
NLVPMVATV,CAVRSNDYKLSF,5
NLVPMVATV,CAVRSNDYKLSF,5
NLVPMVATV,CAVRSSASKIIF,5
NLVPMVATV,CAVRSSNDYKLSF,5
NLVPMVATV,CAVRSYGNNRLAF,5
NLVPMVATV,CAVRTFSGGYNKLIF,5
NLVPMVATV,CAVRTGGGNKLTF,5
NLVPMVATV,CAVRTISGGSYIPTF,5
NLVPMVATV,CAVRTNQAGTALIF,5
NLVPMVATV,CAVRTSGTYKYIF,5
NLVPMVATV,CAVRTSGYSTLTF,5
NLVPMVATV,CAVRVDAGKSTF,5
NLVPMVATV,CAVRVLYSGAGSYQLTF,5
NLVPMVATV,CAVRVMYSGGGADGLTF,5
NLVPMVATV,CAVRVNDYKLSF,5
NLVPMVATV,CAVRVNRDSNYQLIW,5
NLVPMVATV,CAVRVRAGNNRKLIW,5
NLVPMVATV,CAVRVRDSNYQLIW,5
NLVPMVATV,CAVRVSGGYNKLIF,5
NLVPMVATV,CAVRVVPLSGGYNKLIF,5
NLVPMVATV,CAVRVVSNDYKLSF,5
NLVPMVATV,CAVRVYSSASKIIF,5
NLVPMVATV,CAVRWETSGSRLTF,5
NLVPMVATV,CAVRWNFGNEKLTF,5
NLVPMVATV,CAVRYNSNYQLIW,5
NLVPMVATV,CAVSADSSYKLIF,5
NLVPMVATV,CAVSAGGGNKLTF,5
NLVPMVATV,CAVSALISSGSARQLTF,5
NLVPMVATV,CAVSAQGGSEKLVF,5
NLVPMVATV,CAVSARQLTF,5
NLVPMVATV,CAVSDLDTGNQFYF,5
NLVPMVATV,CAVSDPGAGSYQLTF,5
NLVPMVATV,CAVSDPIKAAGNKLTF,5
NLVPMVATV,CAVSDPYNQGGKLIF,5
NLVPMVATV,CAVSDPYYGGSQGNLIF,5
NLVPMVATV,CAVSDRDSSYKLIF,5
NLVPMVATV,CAVSDRGSGGSNYKLTF,5
NLVPMVATV,CAVSDSGGYQKVTF,5
NLVPMVATV,CAVSDSSYKLIF,5
NLVPMVATV,CAVSDYSGGGSQGNLIF,5
NLVPMVATV,CAVSEAGSEKLVF,5
NLVPMVATV,CAVSEDARLMF,5
NLVPMVATV,CAVSEHSSASKIIF,5
NLVPMVATV,CAVSEIWAAGNKLTF,5
NLVPMVATV,CAVSENTDKLIF,5
NLVPMVATV,CAVSFGNEKLTF,5
NLVPMVATV,CAVSGAGSYQLTF,5
NLVPMVATV,CAVSGGGADGLTF,5
NLVPMVATV,CAVSGGNYGQNFVF,5
NLVPMVATV,CAVSGGSYIPTF,5
NLVPMVATV,CAVSGINTGNQFYF,5
NLVPMVATV,CAVSLGGYNKLIF,5
NLVPMVATV,CAVSLGTPLVF,5
NLVPMVATV,CAVSLRSNDYKLSF,5
NLVPMVATV,CAVSNAGGTSYGKLTF,5
NLVPMVATV,CAVSNSGSARQLTF,5
NLVPMVATV,CAVSPFDSNYQLIW,5
NLVPMVATV,CAVSPFSGGYNKLIF,5
NLVPMVATV,CAVSPLYSSASKIIF,5
NLVPMVATV,CAVSPMDSSYKLIF,5
NLVPMVATV,CAVSPPLHSGGGADGLTF,5
NLVPMVATV,CAVSPSNTGKLIF,5
NLVPMVATV,CAVSPYNQGGKLIF,5
NLVPMVATV,CAVSQAGTALIF,5
NLVPMVATV,CAVSREETSGSRLTF,5
NLVPMVATV,CAVSRFSGGYNKLIF,5
NLVPMVATV,CAVSRNNAGNMLTF,5
NLVPMVATV,CAVSSDYKLSF,5
NLVPMVATV,CAVSSGGYQKVTF,5
NLVPMVATV,CAVSSPSGGSYIPTF,5
NLVPMVATV,CAVSTNAGKSTF,5
NLVPMVATV,CAVSWEKLTF,5
NLVPMVATV,CAVTDTGGFKTIF,5
NLVPMVATV,CAVTFDRGSTLGRLYF,5
NLVPMVATV,CAVTGKLIF,5
NLVPMVATV,CAVTGYGQNFVF,5
NLVPMVATV,CAVTILSNNAGNMLTF,5
NLVPMVATV,CAVTLQSGGSYIPTF,5
NLVPMVATV,CAVTMDSSYKLIF,5
NLVPMVATV,CAVTNQAGTALIF,5
NLVPMVATV,CAVTPPGFQKLVF,5
NLVPMVATV,CAVTQNYGAGSYQLTF,5
NLVPMVATV,CAVTRGGGSNYKLTF,5
NLVPMVATV,CAVTRNNARLMF,5
NLVPMVATV,CAVTRNYGQNFVF,5
NLVPMVATV,CAVTRSARQLTF,5
NLVPMVATV,CAVTSDYKLSF,5
NLVPMVATV,CAVTSPPAYDKVIF,5
NLVPMVATV,CAVTSTGTASKLTF,5
NLVPMVATV,CAVTVSQAGTALIF,5
NLVPMVATV,CAVVASGGGADGLTF,5
NLVPMVATV,CAVVDAGGTSYGKLTF,5
NLVPMVATV,CAVVFTGGGNKLTF,5
NLVPMVATV,CAVVLRQAGTALIF,5
NLVPMVATV,CAVVMDSNYQLIW,5
NLVPMVATV,CAVVRRETSGSRLTF,5
NLVPMVATV,CAVVRWEISGSRLTF,5
NLVPMVATV,CAVVRWETSGSRLTF,5
NLVPMVATV,CAVVRWETSGSRLTF,5
NLVPMVATV,CAVVRWETSGSRLTF,5
NLVPMVATV,CAVVRWETSGSRLTF,5
NLVPMVATV,CAVVSSGGSYIPTF,5
NLVPMVATV,CAVVTQTGANNLFF,5
NLVPMVATV,CAVVVAYGQNFVF,5
NLVPMVATV,CAVVWDPSQFYF,5
NLVPMVATV,CAVVYNTDKLIF,5
NLVPMVATV,CAVVYTGTASKLTF,5
NLVPMVATV,CAVWDSNYQLIW,5
NLVPMVATV,CAVWVNAGNMLTF,5
NLVPMVATV,CAVWYSGGGADGLTF,5
NLVPMVATV,CAVYESVGFQKLVF,5
NLVPMVATV,CAVYGGSYIPTF,5
NLVPMVATV,CAVYHNYGQNFVF,5
NLVPMVATV,CAVYLFQTGANNLFF,5
NLVPMVATV,CAVYPGNSGYSTLTF,5
NLVPMVATV,CAVYTTNAGKSTF,5
NLVPMVATV,CAVYVSGTYKYIF,5
NLVPMVATV,CAVYYGQNFVF,5
NLVPMVATV,CAWDSGGSGNTGKLIF,5
NLVPMVATV,CAYAPSGTYKYIF,5
NLVPMVATV,CAYAVPFNRDDKIIF,5
NLVPMVATV,CAYAYRNNRLAF,5
NLVPMVATV,CAYDTGANSKLTF,5
NLVPMVATV,CAYGDSNYQLIW,5
NLVPMVATV,CAYGDTGNQFYF,5
NLVPMVATV,CAYGRGKLIF,5
NLVPMVATV,CAYGSNDMRF,5
NLVPMVATV,CAYHNTDKLIF,5
NLVPMVATV,CAYHSQAGTALIF,5
NLVPMVATV,CAYIGRDDKIIF,5
NLVPMVATV,CAYKAGNTGKLIF,5
NLVPMVATV,CAYKDGNQFYF,5
NLVPMVATV,CAYNAGNMLTF,5
NLVPMVATV,CAYNTGTASKLTF,5
NLVPMVATV,CAYPDPGAQKLVF,5
NLVPMVATV,CAYPKAAGNKLTF,5
NLVPMVATV,CAYPNQAGTALIF,5
NLVPMVATV,CAYPNSGNTPLVF,5
NLVPMVATV,CAYPSNTGKLIF,5
NLVPMVATV,CAYRANTGTASKLTF,5
NLVPMVATV,CAYREPNFGNEKLTF,5
NLVPMVATV,CAYRNLLGANSKLTF,5
NLVPMVATV,CAYRPLNSNYQLIW,5
NLVPMVATV,CAYRRAYGQNFVF,5
NLVPMVATV,CAYRRDDKIIF,5
NLVPMVATV,CAYRRDTGNQFYF,5
NLVPMVATV,CAYRRGGATNKLIF,5
NLVPMVATV,CAYRRGGNQFYF,5
NLVPMVATV,CAYRRGNNNDMRF,5
NLVPMVATV,CAYRRPLLFSSGSARQLTF,5
NLVPMVATV,CAYRRRDRGSTLGRLYF,5
NLVPMVATV,CAYRRSNNNAGNMLTF,5
NLVPMVATV,CAYRRTVDSNYQLIW,5
NLVPMVATV,CAYRSAAGANSKLTF,5
NLVPMVATV,CAYRSAMIIF,5
NLVPMVATV,CAYRSANYGQNFVF,5
NLVPMVATV,CAYRSASGGWGGFKTIF,5
NLVPMVATV,CAYRSASKLIF,5
NLVPMVATV,CAYRSASYGQNFVF,5
NLVPMVATV,CAYRSFYTGTASKLTF,5
NLVPMVATV,CAYRSGGANSKLTF,5
NLVPMVATV,CAYRSGGSEKLVF,5
NLVPMVATV,CAYRSGGSGNTPLVF,5
NLVPMVATV,CAYRSGNSGYALNF,5
NLVPMVATV,CAYRSLYGQNFVF,5
NLVPMVATV,CAYRSPAGKLTF,5
NLVPMVATV,CAYRSPNYGGATNKLIF,5
NLVPMVATV,CAYRSPTLYNFNKFYF,5
NLVPMVATV,CAYRSPVTGANSKLTF,5
NLVPMVATV,CAYRSRNTGNQFYF,5
NLVPMVATV,CAYRSSNNDMRF,5
NLVPMVATV,CAYRSTPQGGSEKLVF,5
NLVPMVATV,CAYRSVNYGQNFVF,5
NLVPMVATV,CAYRTLAQGGSEKLVF,5
NLVPMVATV,CAYRTPRGDDKIIF,5
NLVPMVATV,CAYRTRLSGSARQLTF,5
NLVPMVATV,CAYRTSSGGGADGLTF,5
NLVPMVATV,CAYSLPGRGNEKLTF,5
NLVPMVATV,CAYSRGGADGLTF,5
NLVPMVATV,CAYSTGTASKLTF,5
NLVPMVATV,CAYTGDMRF,5
NLVPMVATV,CAYTGGGNKLTF,5
NLVPMVATV,CAYTRGGADGLTF,5
NLVPMVATV,CAYYGNEKLTF,5
NLVPMVATV,CAYYSNYQLIW,5
NLVPMVATV,CGAASQGGSEKLVF,5
NLVPMVATV,CGADAFTNTGNQFYF,5
NLVPMVATV,CGADIIGNTGKLIF,5
NLVPMVATV,CGADKSNDYKLSF,5
NLVPMVATV,CGFNTGNQFYF,5
NLVPMVATV,CGGTPLVF,5
NLVPMVATV,CGMLGNTGKLIF,5
NLVPMVATV,CGSMDSSYKLIF,5
NLVPMVATV,CGTADTDKLIF,5
NLVPMVATV,CGTENPPGSSNTGKLIF,5
NLVPMVATV,CGTESLNSGYALNF,5
NLVPMVATV,CGTESPSGAGSYQLTF,5
NLVPMVATV,CGTEVGTDKLIF,5
NLVPMVATV,CGTEVYNQGGKLIF,5
NLVPMVATV,CGTGGSGDSNYQLIW,5
NLVPMVATV,CGTPDQGSSNTGKLIF,5
NLVPMVATV,CGTPGNAGGTSYGKLTF,5
NLVPMVATV,CGTVINYGGSQGNLIF,5
NLVPMVATV,CGTVMNYGESQGNLIF,5
NLVPMVATV,CGTVMNYGGSQGNLIF,5
NLVPMVATV,CGTYNTDKLIF,5
NLVPMVATV,CIALLSQGGSEKLVF,5
NLVPMVATV,CIARATGNKLVF,5
NLVPMVATV,CIAYQGAGNMLTF,5
NLVPMVATV,CICRSGTYKYIF,5
NLVPMVATV,CIGEGGGADGLTF,5
NLVPMVATV,CIGFSGGYNKLIF,5
NLVPMVATV,CILDDNNDMRF,5
NLVPMVATV,CILDNNNDMRFGAGTRLTVKPKTHNTVTTSGTYKYIF,5
NLVPMVATV,CILDNNNDMRF,5
NLVPMVATV,CILDNNNGMRF,5
NLVPMVATV,CILDNNNNMRF,5
NLVPMVATV,CILDQTGANNLFF,5
NLVPMVATV,CILGLSGNMLTF,5
NLVPMVATV,CILGNNNDMRF,5
NLVPMVATV,CILGYNTDKLIF,5
NLVPMVATV,CILIRSYNTDKLIF,5
NLVPMVATV,CILKESSNTGKLIF,5
NLVPMVATV,CILLDMRF,5
NLVPMVATV,CILLRDTGFQKLVF,5
NLVPMVATV,CILMNSGGSNYKLTF,5
NLVPMVATV,CILNNNNDMRF,5
NLVPMVATV,CILNQGAQKLVF,5
NLVPMVATV,CILPNAGNNRKLIW,5
NLVPMVATV,CILPRSQGGSEKLVF,5
NLVPMVATV,CILRDAGGTSYGKLTF,5
NLVPMVATV,CILRDDNAGGTSYGKLTF,5
NLVPMVATV,CILRDLIQGGSEKLVF,5
NLVPMVATV,CILRDLNSNSGYALNF,5
NLVPMVATV,CILRDRGNNARLMF,5
NLVPMVATV,CILRDRNAGNMLTF,5
NLVPMVATV,CILRDSFNNNDMRF,5
NLVPMVATV,CILRDSPTSGTYKYIF,5
NLVPMVATV,CILRDSYTDRLIF,5
NLVPMVATV,CILRDVDNNDMRF,5
NLVPMVATV,CILRDVGEYGNKLVF,5
NLVPMVATV,CILRDVLRKLIF,5
NLVPMVATV,CILREAPTSGTYKYIF,5
NLVPMVATV,CILRFPPPGYGNKLVF,5
NLVPMVATV,CILRGDDKIIF,5
NLVPMVATV,CILRGGADGLTF,5
NLVPMVATV,CILRGGAYKYIF,5
NLVPMVATV,CILRLGGSQGNLIF,5
NLVPMVATV,CILRQAGTALIF,5
NLVPMVATV,CILRRETSGSRLTF,5
NLVPMVATV,CILRRNAGNMLTF,5
NLVPMVATV,CILRRYTSGTYKYIF,5
NLVPMVATV,CILRVGGQNFVF,5
NLVPMVATV,CILRVPSGAGSYQLTF,5
NLVPMVATV,CILSDDYKLSF,5
NLVPMVATV,CILSDNYGQNFVF,5
NLVPMVATV,CILSETQKLVF,5
NLVPMVATV,CILSNNNDMRF,5
NLVPMVATV,CILSNNNGMRF,5
NLVPMVATV,CILSPGPFYNQGGKLIF,5
NLVPMVATV,CILSRGDNARLMF,5
NLVPMVATV,CILTGANNLFF,5
NLVPMVATV,CILTLSGTASKLTF,5
NLVPMVATV,CILTRDDKIIF,5
NLVPMVATV,CILYNNNDMRF,5
NLVPMVATV,CILYNTNAGKSTF,5
NLVPMVATV,CISDQTGANNLFF,5
NLVPMVATV,CIVETSGTYKYIF,5
NLVPMVATV,CIVFAGNQFYF,5
NLVPMVATV,CIVLSSQTSGSRLTF,5
NLVPMVATV,CIVPKAAGNKLTF,5
NLVPMVATV,CIVRADTGTASKLTF,5
NLVPMVATV,CIVRAGSYQLTF,5
NLVPMVATV,CIVRAYGALTNFGNEKLTF,5
NLVPMVATV,CIVRDDKIIF,5
NLVPMVATV,CIVRFGGNFNKFYF,5
NLVPMVATV,CIVRFLSGANNLFF,5
NLVPMVATV,CIVRFYDARLMF,5
NLVPMVATV,CIVRGHSGAGSYQLTF,5
NLVPMVATV,CIVRVAENSGYALNF,5
NLVPMVATV,CIVRVAGYSTLTF,5
NLVPMVATV,CIVRVALTGFQKLVF,5
NLVPMVATV,CIVRVAPGGGADGLTF,5
NLVPMVATV,CIVRVDPGNTGKLIF,5
NLVPMVATV,CIVRVEAGANNLFF,5
NLVPMVATV,CIVRVLAGNTGKLIF,5
NLVPMVATV,CIVRVPSLNDYKLSF,5
NLVPMVATV,CIVRVSLYGQNFVF,5
NLVPMVATV,CIVRVVGNRDDKIIF,5
NLVPMVATV,CIVRVVWNDMRF,5
NLVPMVATV,CIVRVVWSGATNKLIF,5
NLVPMVATV,CIVSDTNAGKSTF,5
NLVPMVATV,CLAILNTDKLIF,5
NLVPMVATV,CLGGYYCDNNNDMRF,5
NLVPMVATV,CLLGCLTGANSKLTF,5
NLVPMVATV,CLLGDYCDNNNDMRF,5
NLVPMVATV,CLLKSWGGTASKLTF,5
NLVPMVATV,CLLQGGSEKLVF,5
NLVPMVATV,CLLTQGGSEKLVF,5
NLVPMVATV,CLMNRDDKIIF,5
NLVPMVATV,CLQTGANNLFF,5
NLVPMVATV,CLVAFTGTASKLTF,5
NLVPMVATV,CLVAYISGGYNKLIF,5
NLVPMVATV,CLVEEFSGGYNKLIF,5
NLVPMVATV,CLVFPGGAGSYQLTF,5
NLVPMVATV,CLVGAAGNKLTF,5
NLVPMVATV,CLVGAKYSSASKIIF,5
NLVPMVATV,CLVGALSNAGNMLTF,5
NLVPMVATV,CLVGAQPLNTGFQKLVF,5
NLVPMVATV,CLVGARAYSSASKIIF,5
NLVPMVATV,CLVGARNKLVF,5
NLVPMVATV,CLVGDERGANAGKSTF,5
NLVPMVATV,CLVGDESGGYQKVTF,5
NLVPMVATV,CLVGDGARLMF,5
NLVPMVATV,CLVGDINSNYQLIW,5
NLVPMVATV,CLVGDKGAGNMLTF,5
NLVPMVATV,CLVGDKGGGFKTIF,5
NLVPMVATV,CLVGDMGGGFKTIF,5
NLVPMVATV,CLVGDPTGGSYIPTF,5
NLVPMVATV,CLVGDRGAGNMLTF,5
NLVPMVATV,CLVGDSGGYQKVTF,5
NLVPMVATV,CLVGDSTGKLIF,5
NLVPMVATV,CLVGDTGTASKLTF,5
NLVPMVATV,CLVGDTNAGKSTF,5
NLVPMVATV,CLVGDVGDMRF,5
NLVPMVATV,CLVGEEKLVF,5
NLVPMVATV,CLVGIFSGGYNKLIF,5
NLVPMVATV,CLVGPWESSASKIIF,5
NLVPMVATV,CLVGRGSYKLIF,5
NLVPMVATV,CLVGWLSDKIIF,5
NLVPMVATV,CLVVGYGQNFVF,5
NLVPMVATV,CLVVSGSARQLTF,5
NLVPMVATV,CLVVSYSSASKIIF,5
NLVPMVATV,CLVVYTGGFKTIF,5
NLVPMVATV,CLVYTNAGKSTF,5
NLVPMVATV,CVADKIIF,5
NLVPMVATV,CVANNAGNMLTF,5
NLVPMVATV,CVATFSGGYNKLIF,5
NLVPMVATV,CVAVTGNQFYF,5
NLVPMVATV,CVAYNTDKLIF,5
NLVPMVATV,CVCHTGTASKLTF,5
NLVPMVATV,CVDPMFSGGYNKLIF,5
NLVPMVATV,CVGMNYGGSQGNLIF,5
NLVPMVATV,CVGRNTGFQKLVF,5
NLVPMVATV,CVLGGTGANNLFF,5
NLVPMVATV,CVLLMNSGYSTLTF,5
NLVPMVATV,CVLPNNAGNMLTF,5
NLVPMVATV,CVPMDSNYQLIW,5
NLVPMVATV,CVPRAGGSYIPTF,5
NLVPMVATV,CVPSSGYALNF,5
NLVPMVATV,CVRPKAAGNKLTF,5
NLVPMVATV,CVSESSASKIIF,5
NLVPMVATV,CVVAGNTGKLIF,5
NLVPMVATV,CVVAPSGGSYIPTF,5
NLVPMVATV,CVVDFTGTASKLTF,5
NLVPMVATV,CVVDPGGSYIPTF,5
NLVPMVATV,CVVEGGSYIPTF,5
NLVPMVATV,CVVFDSNYQLIW,5
NLVPMVATV,CVVFGGFKTIF,5
NLVPMVATV,CVVFPGAFNAGNNRKLIW,5
NLVPMVATV,CVVFSGGYNKLIF,5
NLVPMVATV,CVVFVGGSYIPTF,5
NLVPMVATV,CVVGDYNTDKLIF,5
NLVPMVATV,CVVGGLGSGNTGKLIF,5
NLVPMVATV,CVVGMDAGNMLTF,5
NLVPMVATV,CVVGNNNARLMF,5
NLVPMVATV,CVVHSGTALIF,5
NLVPMVATV,CVVIASNSGYALNF,5
NLVPMVATV,CVVIDRGSTLGRLYF,5
NLVPMVATV,CVVIILTGGGNKLTF,5
NLVPMVATV,CVVIPGGQAGTALIF,5
NLVPMVATV,CVVIRLNAGNMLTF,5
NLVPMVATV,CVVISLGGSYIPTF,5
NLVPMVATV,CVVITSGTYKYIF,5
NLVPMVATV,CVVKFNSGYSTLTF,5
NLVPMVATV,CVVKLGNTGKLIF,5
NLVPMVATV,CVVKRDDKIIF,5
NLVPMVATV,CVVKRSGGYQKVTF,5
NLVPMVATV,CVVLDPNAGGTSYGKLTF,5
NLVPMVATV,CVVLGNEKLTF,5
NLVPMVATV,CVVLRDSGAGSYQLTF,5
NLVPMVATV,CVVLRGGYGQNFVF,5
NLVPMVATV,CVVMKTSYDKVIF,5
NLVPMVATV,CVVMMTGNQFYF,5
NLVPMVATV,CVVNAFNKFYF,5
NLVPMVATV,CVVNAGNNRKLIW,5
NLVPMVATV,CVVNALGTMASNTGKLIF,5
NLVPMVATV,CVVNATGTYKYIF,5
NLVPMVATV,CVVNDDYKLSF,5
NLVPMVATV,CVVNDYKLSF,5
NLVPMVATV,CVVNFGLNDMRF,5
NLVPMVATV,CVVNFSGGSYIPTF,5
NLVPMVATV,CVVNGGAGANNLFF,5
NLVPMVATV,CVVNGGDSSYKLIF,5
NLVPMVATV,CVVNGGLFSGGYNKLIF,5
NLVPMVATV,CVVNGGSGGSNYKLTF,5
NLVPMVATV,CVVNGKDSSYKLIF,5
NLVPMVATV,CVVNIGNDYKLSF,5
NLVPMVATV,CVVNIGSTLTF,5
NLVPMVATV,CVVNIRGKLIF,5
NLVPMVATV,CVVNIVLTGGGNKLTF,5
NLVPMVATV,CVVNKAAGNKLTF,5
NLVPMVATV,CVVNKDRGSTLGRLYF,5
NLVPMVATV,CVVNKEGKLIF,5
NLVPMVATV,CVVNKIYNQGGKLIF,5
NLVPMVATV,CVVNKLEYGNKLVF,5
NLVPMVATV,CVVNKNNFNKFYF,5
NLVPMVATV,CVVNLHGNKLVF,5
NLVPMVATV,CVVNMEAGGSYIPTF,5
NLVPMVATV,CVVNMGGYSTLTF,5
NLVPMVATV,CVVNMPPGTASKLTF,5
NLVPMVATV,CVVNNNNARLMF,5
NLVPMVATV,CVVNNNQGGKLIF,5
NLVPMVATV,CVVNPNFQKLVF,5
NLVPMVATV,CVVNPSGGYQKVTF,5
NLVPMVATV,CVVNREPGGYQKVTF,5
NLVPMVATV,CVVNRIRGSTLGRLYF,5
NLVPMVATV,CVVNRKYSSASKIIF,5
NLVPMVATV,CVVNRQPGGSYIPTF,5
NLVPMVATV,CVVNRSGGYNKLIF,5
NLVPMVATV,CVVNRTGGFKTIF,5
NLVPMVATV,CVVNSFSGGYNKLIF,5
NLVPMVATV,CVVNSGTYKYIF,5
NLVPMVATV,CVVNTGMDSNYQLIW,5
NLVPMVATV,CVVNWAPSGYALNF,5
NLVPMVATV,CVVNWYLERF,5
NLVPMVATV,CVVNYPGGGADGLTF,5
NLVPMVATV,CVVPHASGGSYIPTF,5
NLVPMVATV,CVVPLNSGYALNF,5
NLVPMVATV,CVVPRRGGSYIPTF,5
NLVPMVATV,CVVPWGGSQGNLIF,5
NLVPMVATV,CVVQPKPNQTGANNLFF,5
NLVPMVATV,CVVQVNRDDKIIF,5
NLVPMVATV,CVVRGIASGGYNKLIF,5
NLVPMVATV,CVVRGNTPLVF,5
NLVPMVATV,CVVRMNYGGSQGNLIF,5
NLVPMVATV,CVVRNQAGTALIF,5
NLVPMVATV,CVVSADDYKLSF,5
NLVPMVATV,CVVSAQAGTALIF,5
NLVPMVATV,CVVSARNSGGGADGLTF,5
NLVPMVATV,CVVSARSGGGADGLTF,5
NLVPMVATV,CVVSASAGGYNKLIF,5
NLVPMVATV,CVVSASGGSYIPTF,5
NLVPMVATV,CVVSAWRYNNNDMRF,5
NLVPMVATV,CVVSDIYSSASKIIF,5
NLVPMVATV,CVVSDLGSSASKIIF,5
NLVPMVATV,CVVSDLRDNAGNMLTF,5
NLVPMVATV,CVVSDNGGGSYIPTF,5
NLVPMVATV,CVVSDPPAGANNLFF,5
NLVPMVATV,CVVSDPTGANNLFF,5
NLVPMVATV,CVVSDRGSTLGRLYF,5
NLVPMVATV,CVVSDRTNAGKSTF,5
NLVPMVATV,CVVSDTGGFKTIF,5
NLVPMVATV,CVVSDVNGGSQGNLIF,5
NLVPMVATV,CVVSEWDSGYSTLTF,5
NLVPMVATV,CVVSGGGADGLTF,5
NLVPMVATV,CVVSGGGAGGTSYGKLTF,5
NLVPMVATV,CVVSGLTGGGNKLTF,5
NLVPMVATV,CVVSHSSGSARQLTF,5
NLVPMVATV,CVVSLSNFGNEKLTF,5
NLVPMVATV,CVVSPDDKIIF,5
NLVPMVATV,CVVSPDRGSTLGRLYF,5
NLVPMVATV,CVVSPGGGADGLTF,5
NLVPMVATV,CVVSREGYSTLTF,5
NLVPMVATV,CVVSRMDSSYKLIF,5
NLVPMVATV,CVVSRSNDYKLSF,5
NLVPMVATV,CVVSTNAGKSTF,5
NLVPMVATV,CVVSVFTGGFKTIF,5
NLVPMVATV,CVVSVGYSSASKIIF,5
NLVPMVATV,CVVSVYSGGGADGLTF,5
NLVPMVATV,CVVSWGANDYKLSF,5
NLVPMVATV,CVVTAASGNTPLVF,5
NLVPMVATV,CVVTCTGGGNKLTF,5
NLVPMVATV,CVVTDGRYGGATNKLIF,5
NLVPMVATV,CVVTFYGNNRLAF,5
NLVPMVATV,CVVTGGDYKLSF,5
NLVPMVATV,CVVTLMNRDDKIIF,5
NLVPMVATV,CVVTLPSGGSYIPTF,5
NLVPMVATV,CVVTNSGGGADGLTF,5
NLVPMVATV,CVVTRGAYNTDKLIF,5
NLVPMVATV,CVVTYNYGQNFVF,5
NLVPMVATV,CVVVITIQKLVF,5
NLVPMVATV,CVVVKTSYDKVIF,5
NLVPMVATV,CVVYTGRRALTF,5
NLVPMVATV,CVYSRRDTGRRALTF,5
NLVPMVATV,SSGNQFYF,4
RPHERNGFTVL,CAASIGDFGNEKLTF,5
TPRVTGGGAM,CATEGRMDSSYKLIF,4
TPRVTGGGAM,CATEIRMDSSYKLIF,4
TPRVTGGGAM,CATRPPGAGSYQLTF,4
TPRVTGGGAM,CATVSRMDSSYKLIF,4
YSEHPTFTSQY,CVAWGGYSSASKIIF,5
GLCTLVAML,CAAGGSQGNLIF,5
GLCTLVAML,CAASRKPDKIIF,5
GLCTLVAML,CAASTRLLGNTGKLIF,4
GLCTLVAML,CAATDNTDKLIF,4
GLCTLVAML,CADGSGTTDSWGKLQF,4
GLCTLVAML,CADPIEDAGNMLTF,4
GLCTLVAML,CAEALRRDTGRRALTF,5
GLCTLVAML,CAEDFNARLMF,4
GLCTLVAML,CAEDKDARLMF,4
GLCTLVAML,CAEDNNARLMF,5
GLCTLVAML,CAEDNNARLMF,4
GLCTLVAML,CAEDPLGSQGNLIF,5
GLCTLVAML,CAEDPLGSRGNLIF,5
GLCTLVAML,CAEDQNARLMF,4
GLCTLVAML,CAEDSNARLMF,5
GLCTLVAML,CAEDSNARLMF,4
GLCTLVAML,CAEDSNARLMF,4
GLCTLVAML,CAEGFASSDGQKLLF,5
GLCTLVAML,CAEGHDSTLTF,5
GLCTLVAML,CAEGQTDKLIF,5
GLCTLVAML,CAEHFWGYQKVTF,5
GLCTLVAML,CAEIHARLMF,5
GLCTLVAML,CAELGQKLLF,4
GLCTLVAML,CAEMAGANNLFF,5
GLCTLVAML,CAENPSSGNTPLVF,5
GLCTLVAML,CAENQINNDMRF,4
GLCTLVAML,CAESTGKLIF,5
GLCTLVAML,CAESTGKLIF,4
GLCTLVAML,CAEVSGTYKYIF,4
GLCTLVAML,CAEYSSASKIIF,5
GLCTLVAML,CAFVANAGGTSYGKLTF,5
GLCTLVAML,CAGNNARLMF,5
GLCTLVAML,CAGNNARLMF,4
GLCTLVAML,CAGNNARLVF,5
GLCTLVAML,CAGNNARPMF,5
GLCTLVAML,CALDILYNQGGKLIF,5
GLCTLVAML,CALDSTYSSASKIIF,4
GLCTLVAML,CALYSNSGYALNF,4
GLCTLVAML,CATDAGNDMRF,5
GLCTLVAML,CAVGASRDYKLSF,4
GLCTLVAML,CAVNPGANSKLTF,5
GLCTLVAML,CAVSARANDYKLSF,5
GLCTLVAML,CAYGGSQGNLIF,4
GLCTLVAML,CILGSNDYKLSF,5
GLCTLVAML,CVVGMDSSYKLIF,5
GLCTLVAML,CVVNDASGTYKYIF,5
GLCTLVAML,CVVNGASGTYKYIF,5
GLCTLVAML,CVVNGDRDRISRLVKF,5
GLCTLVAML,CVVNGKDSSYKLIF,5
GLCTLVAML,CVVNGKDSSYKLIF,4
GLCTLVAML,CVVNGMDSSHKLIF,5
GLCTLVAML,CVVNGMDSSYKLIF,5
GLCTLVAML,CVVNMPDDYKLSF,5
GLCTLVAML,CVVNRDSSYKLIF,5
GLCTLVAML,CVVNSINDYKLSF,5
GLCTLVAML,CVVNSPNDYKLSF,5
GLCTLVAML,CVVNSPNDYKLSF,4
YVLDHLIVV,CALGNTGKLIF,5
YVLDHLIVV,CALKAAGNKLTF,5
YVLDHLIVV,CAMREGGNFNKFYF,5
YVLDHLIVV,CAVFEGTGGFKTIF,5
YVLDHLIVV,CAVKDTDKLIF,5
YVLDHLIVV,CAVKGGADGLTF,5
YVLDHLIVV,CAVNDGNNRLAF,5
YVLDHLIVV,CAVRDILASGTYKYIF,5
YVLDHLIVV,CAVSNQAGTALIF,5
EPLPQGQLTAY,CAAAASGGSYIPTF,5
EPLPQGQLTAY,CAAASSGGSYIPTF,4
EPLPQGQLTAY,CAMREGGGGSNYKLTF,5
EPLPQGQLTAY,CAVAASGGSYIPTF,5
EPLPQGQLTAY,CAVANQAGTALIF,5
EPLPQGQLTAY,CAVHASGGSYIPTF,4
EPLPQGQLTAY,CAVKSSGGSYIPTF,4
EPLPQGQLTAY,CAVQASGGSYIPTF,5
EPLPQGQLTAY,CAVQASGGSYIPTF,4
EPLPQGQLTAY,CAVQDSGGSYIPTF,4
EPLPQGQLTAY,CAVRASGGSYIPTF,4
EPLPQGQLTAY,CAVRATGGSYIPTF,4
EPLPQGQLTAY,CAVRDFLLSGGYNKLIF,5
EPLPQGQLTAY,CAVRDLLRSGGYNKLIF,5
EPLPQGQLTAY,CAVRDSGGSYIPTF,5
EPLPQGQLTAY,CAVRGRYTDKLIF,5
EPLPQGQLTAY,CAVRTSGGSYIPTF,4
EPLPQGQLTAY,CAVSESGGSYIPTF,4
EPLPQGQLTAY,CAVSSSGGSYIPTF,4
EPLPQGQLTAY,CAVTSSGGSYIPTF,4
GPEPLPQGQLTAY,CALSGFYNTDKLIF,5
LPEGLPQGQLTAY,CALSGFYNTDKLIF,5
LPEPLGQGQLTAY,CALSGFYNTDKLIF,5
LPEPLPQAQLTAY,CALSGFYNTDKLIF,5
LPEPLPQGGLTAY,CALSGFYNTDKLIF,5
LPEPLPQGQGTAY,CALSGFYNTDKLIF,5
LPEPLPQGQLGAY,CALSGFYNTDKLIF,5
LPEPLPQGQLTAY,CALRDPTGANSKLTF,5
LPEPLPQGQLTAY,CALSGFYNTDKLIF,5
LPEPLPQGQLTAY,CVVSCSGNTGKLIF,5
LPEPLPQGQLTGY,CALSGFYNTDKLIF,5
HPVGEADYFEY,CAVQALADSSYKLIF,4
HPVGEADYFEY,CAVQALGAAGNKLTF,4
HPVGEADYFEY,CAVQALGNAGNMLTF,4
HPVGEADYFEY,CAVQALLNAGNMLTF,4
HPVGEADYFEY,CAVQALSNAGNMLTF,4
HPVGEADYFEY,CAVQALSNPGNMLTF,4
HPVGEADYFEY,CAVQALTDSSYKLIF,4
HPVGEADYFEY,CAVQDLGTSGSRLTF,5
HPVGEADYFEY,CAVQDLQTSGSRLTF,5
HPVGEADYFEY,CAVQELGTAGNKLTF,4
HPVGEADYFEY,CAVQSLETSGSRLTF,5
HPVGEADYFEY,CAVQTLGNAGNMLTF,4
HPVGEADYFEY,CAVQVLVSAGNKLTF,4
HPVGEADYFEY,CAAHPTGANSKLTF,4
HPVGEADYFEY,CAARGIGSGTYKYIF,5
HPVGEADYFEY,CAARGIGSGTYKYIF,4
HPVGEADYFEY,CAARGIPSGTYKYIF,4
HPVGEADYFEY,CAASEIFGSARQLTF,4
HPVGEADYFEY,CAASGASTGANNLFF,4
HPVGEADYFEY,CAVRDGGTGFQKLVF,5
FLRGRAYGL,CAVLFGNEKLTF,5
FLRGRAYGL,CILPLAGGTSYGKLTFIF,5
FLRGRAYGL,CILRDVFPSGSARQLTFIF,5
EENLLDFVRF,CIVWGGYQKVTF,4
FLRGRAYGL,CILPLAGGTSYGKLTF,5
AVFDRKSDAK,CAVGDNFNKFYF,5
AVFDRKSDAK,CAVSDITYKYIF,5
IVTDFSVIK,CAASTNAGNNRKLIW,5
IVTDFSVIK,CAGHAGNQFYF,5
IVTDFSVIK,CAGQLRNNLFF,5
IVTDFSVIK,CALIQGAQKLVF,5
IVTDFSVIK,CALMVYGGSQGNLIF,5
IVTDFSVIK,CAVFYSGGSNYKLTF,5
IVTDFSVIK,CAVNFAGGGADGLTF,5
IVTDFSVIK,CAVSGYNAGNMLTF,5
NFIRMVISNPAAT,CAGSGGYQKVTF,4
NFIRMVISNPAAT,CAHGGGYNKLIF,4
NFIRMVISNPAAT,CALQTGANNLFF,4
NFIRMVISNPAAT,CALTQGGSEKLVF,4
